"Nhóm","ID","Nhãn","Kiểu","Đã lưu","Giá trị đang lưu","Giá trị mặc định"
"Theme & Màu sắc","theme_favicon_enable","Dùng favicon","checkbox","Có","true",""
"Theme & Màu sắc","favicon.png","Favicon","image","Chưa","",""
"Theme & Màu sắc","backtotop_enable","Dùng nút quay lên đầu trang","checkbox","Có","true",""
"Theme & Màu sắc","quickview_enable","Dùng Xem nhanh (Quick view)","checkbox","Có","true","true"
"Theme & Màu sắc","iwish_enable","Dùng yêu thích sản phẩm","checkbox","Có","true",""
"Theme & Màu sắc","wishlist_page","Chọn Trang sản phẩm yêu thích","page","Có","san-pham-yeu-thich",""
"Theme & Màu sắc","theme_main_color","Màu chính","color","Có","#3cb371","#8d251c"
"Theme & Màu sắc","theme_sub_color","Màu phụ","color","Có","#1F5A3B","#faa519"
"Theme & Màu sắc","theme_body_text_color","Màu chữ chính","color","Có","#13241F","#333333"
"Theme & Màu sắc","theme_body_bg","Màu nền toàn trang","color","Có","#F5F6F1","#f1e8d7"
"Theme & Màu sắc","ga_id","Google Analytics ID","text","Có","G-BEW3ZWMBJ9",""
"Theme & Màu sắc","theme_font_scale","Cỡ chữ tổng thể","select","Có","93.75","87.5"
"Home Portal v3","home_portal_v3_enable","Dùng Home Portal v3","checkbox","Có","true","true"
"Home Portal v3","portal_hero_visual","Minh họa Hero","select","Có","diagram","diagram"
"Home Portal v3","portal_hero_highlight","Cụm từ nhấn mạnh trong tiêu đề Hero","text","Có","hồ sơ khoa học","hồ sơ khoa học"
"Home Portal v3","portal_hero_trust_1","Cam kết Hero 1","text","Có","Dược mỹ phẩm chính hãng","Dược mỹ phẩm chính hãng"
"Home Portal v3","portal_hero_trust_2","Cam kết Hero 2","text","Có","Giao hàng toàn quốc","Giao hàng toàn quốc"
"Home Portal v3","portal_hero_trust_3","Cam kết Hero 3","text","Có","1:1 chuyên gia đồng hành","1:1 chuyên gia đồng hành"
"Home Portal v3","portal_shop_url","Liên kết cửa hàng","text","Có","/collections/all","/collections/all"
"Home Portal v3","portal_shop_title","Tiêu đề cửa hàng","text","Có","Mua dược mỹ phẩm chính hãng","Mua dược mỹ phẩm chính hãng"
"Home Portal v3","portal_shop_desc","Mô tả cửa hàng","textarea","Có","Dược mỹ phẩm từ các thương hiệu quốc tế, tư vấn lựa chọn theo nhu cầu làn da. Giao hàng toàn quốc.","Dược mỹ phẩm từ các thương hiệu quốc tế, tư vấn lựa chọn theo nhu cầu làn da. Giao hàng toàn quốc."
"Home Portal v3","portal_clinic_title","Tiêu đề nhánh trị liệu","text","Có","Trị liệu da 1:1 tại Hà Nội","Trị liệu da 1:1 tại Hà Nội"
"Home Portal v3","portal_clinic_desc","Mô tả nhánh trị liệu","textarea","Có","Phân tích da bằng thiết bị, phác đồ cá nhân hoá theo từng giai đoạn, theo dõi tiến triển cùng chuyên gia.","Phân tích da bằng thiết bị, phác đồ cá nhân hoá theo từng giai đoạn, theo dõi tiến triển cùng chuyên gia."
"Home Portal v3","portal_clinic_chips","Nhãn chuyên môn (ngăn cách bằng ;)","text","Có","Phân tích tình trạng da;Phác đồ cá nhân hoá;Hàng rào bảo vệ;Đồng hành 1:1","Phân tích tình trạng da;Phác đồ cá nhân hoá;Hàng rào bảo vệ;Đồng hành 1:1"
"Home Portal v3","portal_step_1_title","Bước 1 — Tiêu đề","text","Có","Phân tích da","Phân tích da"
"Home Portal v3","portal_step_1_desc","Bước 1 — Mô tả","textarea","Có","Đánh giá tình trạng da và ghi nhận các vấn đề cần ưu tiên để xây dựng hồ sơ ban đầu.","Đánh giá tình trạng da và ghi nhận các vấn đề cần ưu tiên để xây dựng hồ sơ ban đầu."
"Home Portal v3","portal_step_2_title","Bước 2 — Tiêu đề","text","Có","Thiết kế phác đồ","Thiết kế phác đồ"
"Home Portal v3","portal_step_2_desc","Bước 2 — Mô tả","textarea","Có","Chuyên gia lựa chọn hoạt chất, sản phẩm và liệu trình phù hợp với nhu cầu, khả năng đáp ứng của từng làn da.","Chuyên gia lựa chọn hoạt chất, sản phẩm và liệu trình phù hợp với nhu cầu, khả năng đáp ứng của từng làn da."
"Home Portal v3","portal_step_3_title","Bước 3 — Tiêu đề","text","Có","Đồng hành & hiệu chỉnh","Đồng hành & hiệu chỉnh"
"Home Portal v3","portal_step_3_desc","Bước 3 — Mô tả","textarea","Có","Theo dõi tiến triển, đánh giá lại định kỳ và điều chỉnh phác đồ cùng chuyên gia.","Theo dõi tiến triển, đánh giá lại định kỳ và điều chỉnh phác đồ cùng chuyên gia."
"Home Portal v3","portal_blog","Blog hiển thị trên Home Portal","blog","Có","bi-quyet",""
"Home Portal v3","portal_blog_menu","Menu danh mục Blog","linklist","Chưa","",""
"Home Portal v3","portal_blog_title","Tiêu đề Blog","text","Có","Blog Pharma Cosmetics","Blog Pharma Cosmetics"
"Home Portal v3","portal_blog_eyebrow","Nhãn Blog","text","Có","Kiến thức chăm sóc da","Kiến thức chăm sóc da"
"Home Portal v3","portal_social_desc","Giới thiệu mạng xã hội","textarea","Có","Dược mỹ phẩm toàn cầu · Giao hàng toàn quốc. Phân tích da · Phác đồ cá nhân hoá · Trị liệu da 1:1 tại Hà Nội.","Dược mỹ phẩm toàn cầu · Giao hàng toàn quốc. Phân tích da · Phác đồ cá nhân hoá · Trị liệu da 1:1 tại Hà Nội."
"Home Portal v3","portal_newsletter_action","URL form đăng ký bản tin","text","Chưa","",""
"Home Portal v3","portal_newsletter_title","Tiêu đề bản tin","text","Có","Nhận bản tin da liễu mỗi tuần","Nhận bản tin da liễu mỗi tuần"
"Home Portal v3","portal_newsletter_desc","Mô tả bản tin","textarea","Có","Kiến thức chăm sóc da, hoạt chất đáng chú ý và cập nhật từ Pharma Cosmetics.","Kiến thức chăm sóc da, hoạt chất đáng chú ý và cập nhật từ Pharma Cosmetics."
"Header & Điều hướng","use_banner_top","Sử dụng banner top","checkbox","Có","false","false"
"Header & Điều hướng","banner_top.jpg","Banner top","image","Chưa","",""
"Header & Điều hướng","alt_banner_top","Alt ảnh","text","Chưa","","Banner top"
"Header & Điều hướng","color_banner_top","Màu nền banner top","color","Có","#3cb371","#3CB371"
"Header & Điều hướng","link_banner_top","Link ảnh","text","Chưa","","/collections/all"
"Header & Điều hướng","header_bg_enable","Dùng?","checkbox","Có","false","true"
"Header & Điều hướng","bg_header.jpg","Ảnh nền đầu trang","image","Chưa","",""
"Header & Điều hướng","bg_header","Màu nền header","color","Chưa","","#3CB371"
"Header & Điều hướng","txt_header","Màu chữ header","color","Có","#ffffff","#ffffff"
"Header & Điều hướng","header_topbar_text","Text đầu trang","textarea","Có","Giao Hàng Toàn Quốc | Trị Liệu Da Cá Nhân Hóa Chuẩn Y Khoa","Giảm 5% cho tất cả đơn hàng;Miễn phí vận chuyển đơn hàng trên 1tr5"
"Header & Điều hướng","use_download","Hiển thị khu vực tải ứng dụng","checkbox","Chưa","",""
"Header & Điều hướng","text_app_down","Tiêu đề","text","Chưa","","Tải ứng dụng"
"Header & Điều hướng","cont_app_down_1","Nội dung 1","textarea","Chưa","","<strong>Tải ứng dụng ngay với nhiều ưu đãi</strong>"
"Header & Điều hướng","cont_app_down_2","Nội dung 2","textarea","Chưa","",""
"Header & Điều hướng","use_app_1","Hiển thị","checkbox","Chưa","","true"
"Header & Điều hướng","icon-googleplay.png","Icon Google Play","image","Chưa","",""
"Header & Điều hướng","app_1_alt","Alt ảnh","text","Chưa","","Google Play"
"Header & Điều hướng","app_1_url","Đường dẫn","text","Chưa","","https://play.google.com/store/apps/"
"Header & Điều hướng","use_app_2","Hiển thị","checkbox","Chưa","","true"
"Header & Điều hướng","icon-applestore.png","Icon App Store","image","Chưa","",""
"Header & Điều hướng","app_2_alt","Alt ảnh","text","Chưa","","App Store"
"Header & Điều hướng","app_2_url","Đường dẫn","text","Chưa","","https://apps.apple.com/"
"Header & Điều hướng","logo.png","Logo","image","Chưa","",""
"Header & Điều hướng","logo_share.png","Logo chia sẻ mạng xã hội","image","Chưa","",""
"Header & Điều hướng","header_search_default_key","Nhập từ khóa","textarea","Có","","Bổ thận;Giảm cân;Hạ sốt;Tim mạch;Ung Thư"
"Header & Điều hướng","header_stores_enable","Hiển thị khối?","checkbox","Có","false","true"
"Header & Điều hướng","header_stores_title","Nhập tiêu đề hệ thống cửa hàng hoặc liên hệ","text","Có","Hệ thống","Xem hệ thống"
"Header & Điều hướng","header_stores_sub","Tiêu đề phụ","text","Có","8 nhà thuốc","8 cửa hàng"
"Header & Điều hướng","header_stores_url","Nhập nhập liên kết","text","Chưa","","/he-thong-cua-hang"
"Header & Điều hướng","header_search_suggest","Hiển thị gợi ý tìm kiếm","checkbox","Có","true","true"
"Header & Điều hướng","header_search_gg_title","Nhập tiêu đề giảm giá","textarea","Có","Tặng tinh dầu dưỡng tóc Moroccanoil Treatment Phiên Bản Giới Hạn trị giá 1tr4 cho hoá đơn mua hàng từ 4tr","Giảm 500.000đ cho đơn đầu tiên từ 1.500.000đ - Nhập BUY2025"
"Header & Điều hướng","header_search_gg_url","Nhập đường dẫn giảm giá","text","Có","https://pharmacosmetics-vn.com/moroccanoil-treatment-dau-duong-toc-phien-ban-gioi-han-tet-nguyen-dan","#"
"Header & Điều hướng","header_search_suggest_title","Nhập tiêu đề tìm kiếm","text","Có","Đề xuất phổ biến","Tìm kiếm nhiều nhất"
"Header & Điều hướng","header_search_suggest_list","Nhập các từ khoá tìm kiếm. Các từ khoá cách nhau bằng dấu phẩy (,). Ví Dụ: Bổ thận,Giảm cân,Hạ sốt,Tim mạch,Ung Thư","textarea","Có","Chống nắng lên tone,Kem dưỡng sáng cho da nhạy cảm,Điều hoà nội tiết,Giảm cân,Chống nắng nội sinh","Sửa bột,Sữa nước,Ăn dặm dinh dưỡng,Sức khỏe và Vitamin,Thời trang trẻ em,Đồ chơi học tập"
"Header & Điều hướng","header_search_recent","Hiển thị tìm kiếm gần đây (Lịch sử tìm kiếm)","checkbox","Có","true","true"
"Header & Điều hướng","header_search_smart","Hiển thị Tìm kiếm thông minh","checkbox","Có","true","true"
"Header & Điều hướng","main_menu","Menu chính","link_list","Có","main-menu",""
"Header & Điều hướng","display_megamenu","Hiển thị megamenu","checkbox","Có","true","true"
"Header & Điều hướng","megamenu_items","Thành phần trong megamenu","text","Có","sản phẩm","sản phẩm"
"Header & Điều hướng","icon_menu_order.png","Icon đặt hàng nhanh","image","Chưa","",""
"Header & Điều hướng","color_txt_order","Màu chữ đặt hàng nhanh","color","Chưa","","#be1f2e"
"Header & Điều hướng","titel_cus_order","Tiêu đề","text","Chưa","","Đặt hàng nhanh"
"Header & Điều hướng","btn_promotion_enable","Hiển thị nút Khuyến mãi HOT?","checkbox","Có","false","false"
"Header & Điều hướng","btn_promotion_title","Tiêu đề nút","text","Có","TÍCH ĐIỂM ĐỔI QUÀ","Yêu Khuyến mãi HOT"
"Header & Điều hướng","btn_promotion_url","Đường dẫn nút","text","Có","/apps/tich-diem-doi-qua","#"
"Header & Điều hướng","search_order.png","Icon cho nút","image","Chưa","",""
"Header & Điều hướng","header_live_enable","Hiển thị?","checkbox","Có","false","true"
"Header & Điều hướng","header_live_title","Tiêu đề nút","text","Chưa","","Live"
"Header & Điều hướng","header_live_url","Id video youtube","text","Có","OgHyhNC4ExA","#"
"Header & Điều hướng","header_nav_title","Tiêu đề","text","Có","Danh mục","Danh mục sản phẩm"
"Header & Điều hướng","header_nav_cate","Danh mục sản phẩm","link_list","Có","main-menu",""
"Header & Điều hướng","cate-icon.png","Ảnh Danh mục mặc định (khi danh mục > 15)","image","Chưa","",""
"Header & Điều hướng","cate-icon-1.png","Ảnh Danh mục 1","image","Chưa","",""
"Header & Điều hướng","cate-icon-2.png","Ảnh Danh mục 2","image","Chưa","",""
"Header & Điều hướng","cate-icon-3.png","Ảnh Danh mục 3","image","Chưa","",""
"Header & Điều hướng","cate-icon-4.png","Ảnh Danh mục 4","image","Chưa","",""
"Header & Điều hướng","cate-icon-5.png","Ảnh Danh mục 5","image","Chưa","",""
"Header & Điều hướng","cate-icon-6.png","Ảnh Danh mục 6","image","Chưa","",""
"Header & Điều hướng","cate-icon-7.png","Ảnh Danh mục 7","image","Chưa","",""
"Header & Điều hướng","cate-icon-8.png","Ảnh Danh mục 8","image","Chưa","",""
"Header & Điều hướng","cate-icon-9.png","Ảnh Danh mục 9","image","Chưa","",""
"Header & Điều hướng","cate-icon-10.png","Ảnh Danh mục 10","image","Chưa","",""
"Header & Điều hướng","cate-icon-11.png","Ảnh Danh mục 11","image","Chưa","",""
"Header & Điều hướng","cate-icon-12.png","Ảnh Danh mục 12","image","Chưa","",""
"Header & Điều hướng","cate-icon-13.png","Ảnh Danh mục 13","image","Chưa","",""
"Header & Điều hướng","cate-icon-14.png","Ảnh Danh mục 14","image","Chưa","",""
"Header & Điều hướng","cate-icon-15.png","Ảnh Danh mục 15","image","Chưa","",""
"Header & Điều hướng","header_gradient","Bật gradient header","checkbox","Có","#126644 url(https://bizweb.dktcdn.net/100/506/650/files/hoatiettet7-5ed27993-e689-4218-a05f-bd135b449c85.png?v=1710085847557);",""
"Header & Điều hướng","col_gradient","Bật gradient collection","checkbox","Có","linear-gradient(to right, #ea4420, rgba(234, 68, 32, 0.8), rgba(234, 68, 32, 0.3), rgba(234, 68, 32, 0))",""
"Header & Điều hướng","header_topbar_promo_1","Nội dung topbar promo 1","text","Có","<p>Nhận MIỄN PHÍ* <strong><a href=""#"" title=""Giao hàng"">giao hàng</a></strong> cho tất cả đơn hàng trên 1 triệu - áp dụng có hạn.</p>",""
"Header & Điều hướng","header_topbar_promo_2","Nội dung topbar promo 2","text","Có","<p>Nhận ƯU ĐÃI* <strong><a href=""#"" title=""đặc biệt"">đặc biệt</a></strong> từ các chương  trình khuyến mãi mới nhất</p>",""
"Header & Điều hướng","header_topbar_promo_3","Nội dung topbar promo 3","text","Có","",""
"Trang chủ","home_section_1","Module 1","select","Có","section_hero",""
"Trang chủ","home_section_2","Module 2","select","Có","section_portal_split",""
"Trang chủ","home_section_3","Module 3","select","Có","section_solutions",""
"Trang chủ","home_section_4","Module 4","select","Có","section_flash_sale",""
"Trang chủ","home_section_5","Module 5","select","Có","section_featured_products",""
"Trang chủ","home_section_6","Module 6","select","Có","section_spa",""
"Trang chủ","home_section_7","Module 7","select","Có","section_brand_marquee",""
"Trang chủ","home_section_8","Module 8","select","Có","section_testimonials",""
"Trang chủ","home_section_9","Module 9","select","Có","section_ingredients",""
"Trang chủ","home_section_10","Module 10","select","Có","section_portal_blog",""
"Trang chủ","home_section_11","Module 11","select","Có","section_portal_social",""
"Trang chủ","home_section_12","Module 12","select","Có","section_portal_newsletter",""
"Trang chủ","home_section_13","Module 13","select","Có","none",""
"Trang chủ","home_section_14","Module 14","select","Có","none",""
"Trang chủ","home_section_15","Module 15","select","Có","none",""
"Trang chủ","home_section_16","Module 16","select","Có","none",""
"Trang chủ","home_section_17","Module 17","select","Có","none",""
"Trang chủ","home_section_18","Module 18","select","Có","none",""
"Trang chủ","home_hero_badge","Badge (nhãn nhỏ phía trên tiêu đề)","text","Có","Dược mỹ phẩm toàn cầu · Chuẩn y khoa","Phòng Lab Công Nghệ Cao"
"Trang chủ","home_hero_title","Tiêu đề chính (H1)","text","Có","Làn da của bạn
là một hồ sơ khoa học
riêng biệt.","Dược mỹ phẩm chuẩn y khoa"
"Trang chủ","home_hero_desc","Mô tả","textarea","Có","Chúng tôi phân tích cấu trúc da, thiết lập phác đồ cá nhân hoá và đồng hành cùng bạn trên hành trình cải thiện sức khỏe làn da.","Phác đồ điều trị cá nhân hóa dựa trên phân tích cấu trúc da thực tế. Chúng tôi kết hợp tinh hoa khoa học và sự an yên trong chăm sóc."
"Trang chủ","home_hero_btn1_text","Nội dung nút 1","text","Có","Đặt lịch phân tích da","Soi da & Tư vấn miễn phí"
"Trang chủ","home_hero_btn1_url","Đường dẫn nút 1","text","Có","/dat-lich-tu-van","/dat-lich-tu-van"
"Trang chủ","home_hero_btn2_text","Nội dung nút 2","text","Có","Chọn theo vấn đề da","Mua sắm theo thành phần"
"Trang chủ","home_hero_btn2_url","Đường dẫn nút 2","text","Có","#section_solutions","/mua-sam-theo-thanh-phan"
"Trang chủ","home_hero_image","Ảnh Hero desktop","image","Có","https://bizweb.dktcdn.net/100/415/053/theme_temp/1137941/assets/screenshot-2026-06-22-155834-d46675ce-d207-4b65-8d90-529e1f165b4d.png?1782118883116",""
"Trang chủ","home_hero_mobile_image","Ảnh Hero mobile","image","Chưa","",""
"Trang chủ","home_hero_image_2","Ảnh Hero desktop 2 (carousel)","image","Có","https://bizweb.dktcdn.net/100/415/053/theme_temp/1133122/assets/thie-t-ke-chu-a-co-te-n-10-b77ff059-3336-41a0-b58a-2b466432cb53.jpg?1780649446617",""
"Trang chủ","home_hero_image_3","Ảnh Hero desktop 3 (carousel)","image","Có","https://bizweb.dktcdn.net/100/415/053/theme_temp/1133122/assets/thie-t-ke-chu-a-co-te-n-11-37bae7e1-518c-4a34-9e4f-d5e964b56cc6.jpg?1780649541368",""
"Trang chủ","home_hero_image_4","Ảnh Hero desktop 4 (carousel)","image","Chưa","",""
"Trang chủ","home_hero_image_5","Ảnh Hero desktop 5 (carousel)","image","Chưa","",""
"Trang chủ","home_flashsale_title","Tiêu đề","text","Có","Flash Sale hôm nay","FLASH <span>SALE</span>"
"Trang chủ","home_flashsale_collection","Chọn danh mục sản phẩm","collection","Có","flash-sale-1",""
"Trang chủ","home_flashsale_limit","Giới hạn sản phẩm","text","Có","20","5"
"Trang chủ","home_flashsale_countdown_enable","Sử dụng đồng hồ đếm ngược","checkbox","Có","true","true"
"Trang chủ","home_flashsale_countdown_title","Tiêu đề","text","Chưa","","Thời gian khuyến mãi:"
"Trang chủ","home_flashsale_countdown_end","Thời gian khuyến mãi","text","Có","07-05-2026-09-15-45","12-25-2023-09-15-45"
"Trang chủ","home_flashsale_countdown_cycle_hours","Chu kỳ lặp lại (giờ)","text","Có","24","24"
"Trang chủ","count_down_bg","Màu nền đồng hồ đếm ngược","color","Có","#E35D5D","#E35D5D"
"Trang chủ","promo_coupon_home_enable","Hiện dải mã giảm giá trong Flash Sale","checkbox","Có","false","false"
"Trang chủ","home_solutions_title","Tiêu đề","text","Có","Giải pháp cho từng vấn đề","Giải pháp cho từng vấn đề"
"Trang chủ","home_solutions_subtitle","Tiêu đề phụ","text","Có","Chúng tôi phân loại sản phẩm dựa trên nhu cầu điều trị thực tế để bạn dễ dàng tìm thấy phác đồ phù hợp.","Chúng tôi phân loại sản phẩm dựa trên nhu cầu điều trị thực tế để bạn dễ dàng tìm thấy phác đồ phù hợp."
"Trang chủ","home_solutions_menu","Menu giải pháp da","link_list","Có","",""
"Trang chủ","home_solutions_1_enable","Hiển thị?","checkbox","Có","true","true"
"Trang chủ","home_solutions_1_image","Hình ảnh","image","Có","https://images.unsplash.com/photo-1556228720-195a672e8a03?auto=format&fit=crop&w=600&q=80",""
"Trang chủ","home_solutions_1_label","Tên nhóm","text","Có","Mụn trứng cá",""
"Trang chủ","home_solutions_1_url","Từ khoá tìm kiếm","text","Có","mun trung ca",""
"Trang chủ","home_solutions_2_enable","Hiển thị?","checkbox","Có","true","true"
"Trang chủ","home_solutions_2_image","Hình ảnh","image","Có","https://images.unsplash.com/photo-1616394584738-fc6e612e71b9?auto=format&fit=crop&w=600&q=80",""
"Trang chủ","home_solutions_2_label","Tên nhóm","text","Có","Nám & tàn nhang",""
"Trang chủ","home_solutions_2_url","Từ khoá tìm kiếm","text","Có","nam tan nhang",""
"Trang chủ","home_solutions_3_enable","Hiển thị?","checkbox","Có","true","true"
"Trang chủ","home_solutions_3_image","Hình ảnh","image","Có","https://images.unsplash.com/photo-1570172619644-dfd03ed5d881?auto=format&fit=crop&w=600&q=80",""
"Trang chủ","home_solutions_3_label","Tên nhóm","text","Có","Da khô, thiếu ẩm",""
"Trang chủ","home_solutions_3_url","Từ khoá tìm kiếm","text","Có","da kho thieu am",""
"Trang chủ","home_solutions_4_enable","Hiển thị?","checkbox","Có","true","true"
"Trang chủ","home_solutions_4_image","Hình ảnh","image","Có","https://images.unsplash.com/photo-1598440947619-2c35fc9aa908?auto=format&fit=crop&w=600&q=80",""
"Trang chủ","home_solutions_4_label","Tên nhóm","text","Có","Lão hóa da",""
"Trang chủ","home_solutions_4_url","Từ khoá tìm kiếm","text","Có","lao hoa da",""
"Trang chủ","home_solutions_5_enable","Hiển thị?","checkbox","Có","true","true"
"Trang chủ","home_solutions_5_image","Hình ảnh","image","Có","https://images.unsplash.com/photo-1576426863848-c21f53c60b19?auto=format&fit=crop&w=600&q=80",""
"Trang chủ","home_solutions_5_label","Tên nhóm","text","Có","Kiểm soát dầu thừa",""
"Trang chủ","home_solutions_5_url","Từ khoá tìm kiếm","text","Có","dau thua mun",""
"Trang chủ","home_solutions_6_enable","Hiển thị?","checkbox","Có","true","true"
"Trang chủ","home_solutions_6_image","Hình ảnh","image","Có","https://images.unsplash.com/photo-1522337360788-8b13dee7a37e?auto=format&fit=crop&w=600&q=80",""
"Trang chủ","home_solutions_6_label","Tên nhóm","text","Có","Da nhạy cảm",""
"Trang chủ","home_solutions_6_url","Từ khoá tìm kiếm","text","Có","da nhay cam",""
"Trang chủ","home_brand_menu","Menu thương hiệu marquee","link_list","Có","",""
"Trang chủ","home_brand_marquee_image_1","Logo thương hiệu 1","image","Chưa","",""
"Trang chủ","home_brand_marquee_image_2","Logo thương hiệu 2","image","Chưa","",""
"Trang chủ","home_brand_marquee_image_3","Logo thương hiệu 3","image","Chưa","",""
"Trang chủ","home_brand_marquee_image_4","Logo thương hiệu 4","image","Chưa","",""
"Trang chủ","home_brand_marquee_image_5","Logo thương hiệu 5","image","Chưa","",""
"Trang chủ","home_brand_marquee_image_6","Logo thương hiệu 6","image","Chưa","",""
"Trang chủ","home_brand_marquee_image_7","Logo thương hiệu 7","image","Chưa","",""
"Trang chủ","home_brand_marquee_image_8","Logo thương hiệu 8","image","Chưa","",""
"Trang chủ","home_brand_marquee_image_9","Logo thương hiệu 9","image","Chưa","",""
"Trang chủ","home_brand_marquee_image_10","Logo thương hiệu 10","image","Chưa","",""
"Trang chủ","home_brand_marquee_image_11","Logo thương hiệu 11","image","Chưa","",""
"Trang chủ","home_brand_marquee_image_12","Logo thương hiệu 12","image","Chưa","",""
"Trang chủ","home_spa_title","Tiêu đề","text","Có","Khoa học vì làn da của bạn — phác đồ 1:1, không công thức chung.","Trị liệu chuyên sâu cho từng tế bào"
"Trang chủ","home_spa_desc","Mô tả","textarea","Chưa","","Kết hợp giữa công nghệ y khoa tân tiến nhất và sự tận tâm của đội ngũ chuyên gia, chúng tôi kiến tạo lộ trình điều trị riêng biệt cho làn da bạn."
"Trang chủ","home_spa_service_1_title","Tên hạng mục","text","Có","CHĂM SÓC DA DUY TRÌ","Peeling chuyên sâu"
"Trang chủ","home_spa_service_1_desc","Mô tả","text","Có","Làm sạch sâu, cấp ẩm và đưa da về trạng thái cân bằng. Phù hợp duy trì 1–2 lần/tháng để da khoẻ ổn định quanh năm.","Thanh tẩy đa tầng, tái cấu trúc bề mặt da mịn màng."
"Trang chủ","home_spa_service_1_url","Link dịch vụ 1","text","Có","/duong-am",""
"Trang chủ","home_spa_service_2_title","Tên hạng mục","text","Có","ĐIỀU TRỊ NHẮM MỤC TIÊU","Phục hồi hàng rào bảo vệ"
"Trang chủ","home_spa_service_2_desc","Mô tả","text","Có","Tập trung xử lý sẹo, mụn, thâm và nám. Phác đồ được xây dựng riêng cho từng loại tổn thương, không dùng công thức chung cho tất cả.","Cấp ẩm tức thì và củng cố hệ miễn dịch tự nhiên của da."
"Trang chủ","home_spa_service_2_url","Link dịch vụ 2","text","Có","/tri-mun",""
"Trang chủ","home_spa_service_3_title","Tên hạng mục","text","Có","ĐIỀU TRỊ XÂM LẤN ","Liệu trình Mesotherapy"
"Trang chủ","home_spa_service_3_desc","Mô tả","text","Có","Đưa dưỡng chất trực tiếp vào lớp da giữa bằng kim vi điểm. Da tự sản sinh collagen nhiều hơn, cải thiện nếp nhăn và chảy xệ rõ rệt sau 3–5 buổi.","Đưa dưỡng chất trực tiếp vào hạ bì, mang lại hiệu quả vượt trội."
"Trang chủ","home_spa_service_3_url","Link dịch vụ 3","text","Có","/dieu-tri-chuyen-nghiep",""
"Trang chủ","home_spa_btn_text","Nội dung nút","text","Có","Về Skin Health Beauty","Xem tất cả dịch vụ"
"Trang chủ","home_spa_btn_url","Đường dẫn nút","text","Có","/skin-health-beauty","/dat-lich-tu-van"
"Trang chủ","home_spa_img_1","Ảnh lớn","image","Có","https://bizweb.dktcdn.net/100/415/053/theme_temp/1133122/assets/thie-t-ke-chu-a-co-te-n-2026-06-07t091358-126-2aca1d86-da9c-48d2-82d0-f962a91e999a.png?1780798021752",""
"Trang chủ","home_spa_img_2","Ảnh nhỏ 1","image","Có","https://bizweb.dktcdn.net/100/415/053/theme_temp/1133122/assets/thie-t-ke-chu-a-co-te-n-2026-06-05t161601-791-e61b26fc-d19c-4f9c-9a4e-45db97efc7b5.png?1780650501268",""
"Trang chủ","home_spa_img_3","Ảnh nhỏ 2","image","Có","https://bizweb.dktcdn.net/100/415/053/theme_temp/1133122/assets/thie-t-ke-chu-a-co-te-n-2026-06-05t162702-458-dfdb81c1-d59d-4ca2-a186-23a8d93daeab.png?1780650501268",""
"Trang chủ","home_spa_img_4","Ảnh nhỏ 3","image","Có","https://bizweb.dktcdn.net/100/415/053/theme_temp/1133122/assets/thie-t-ke-chu-a-co-te-n-2026-06-05t163118-758-a954caa5-9a86-4561-8b8a-d5a7ad15ae1b.png?1780650501268",""
"Trang chủ","home_why_eyebrow","Eyebrow (dòng nhỏ trên tiêu đề)","text","Chưa","","Tại sao chọn chúng tôi"
"Trang chủ","home_why_title","Tiêu đề","text","Chưa","","Chuyên gia đồng hành cùng lộ trình của bạn"
"Trang chủ","home_why_quote","Câu trích dẫn","textarea","Chưa","","Làn da là tấm gương phản chiếu sức khỏe. Hãy chăm sóc bằng khoa học."
"Trang chủ","home_why_cite","Người nói / chức danh","text","Chưa","","Chuyên gia Nguyễn Hoàng Anh — Giám đốc chuyên môn"
"Trang chủ","home_why_quote_img","Ảnh quote card","image","Chưa","",""
"Trang chủ","home_why_1_icon","Icon class (Font Awesome)","text","Chưa","","fas fa-user-md"
"Trang chủ","home_why_1_title","Tiêu đề","text","Chưa","","Chuyên gia tư vấn trực tiếp"
"Trang chủ","home_why_1_desc","Mô tả","textarea","Chưa","","Mọi sản phẩm đều được kê đơn dựa trên tình trạng da thực tế qua các buổi tư vấn 1:1 với đội ngũ chuyên gia."
"Trang chủ","home_why_2_icon","Icon class (Font Awesome)","text","Chưa","","fas fa-certificate"
"Trang chủ","home_why_2_title","Tiêu đề","text","Chưa","","100% Chính hãng"
"Trang chủ","home_why_2_desc","Mô tả","textarea","Chưa","","Cam kết nguồn gốc xuất xứ rõ ràng từ các tập đoàn dược phẩm hàng đầu thế giới."
"Trang chủ","home_why_3_icon","Icon class (Font Awesome)","text","Chưa","","fas fa-flask"
"Trang chủ","home_why_3_title","Tiêu đề","text","Chưa","","Clinical Results"
"Trang chủ","home_why_3_desc","Mô tả","textarea","Chưa","","Hơn 10.000 ca điều trị thành công các vấn đề về mụn, nám và lão hóa chuyên sâu với kết quả được kiểm chứng lâm sàng."
"Trang chủ","home_why_cta_text","Nội dung nút","text","Có","Đặt lịch tư vấn miễn phí","Đặt lịch tư vấn miễn phí"
"Trang chủ","home_why_cta_url","Đường dẫn nút","text","Có","/dat-lich-tu-van","/dat-lich-tu-van"
"Trang chủ","home_testi_eyebrow","Eyebrow (dòng nhỏ trên tiêu đề)","text","Chưa","","Hiệu quả lâm sàng"
"Trang chủ","home_testi_title","Tiêu đề","text","Chưa","","Minh chứng cho làn da rạng rỡ"
"Trang chủ","home_testi_subtitle","Tiêu đề phụ","textarea","Chưa","","Hàng nghìn khách hàng đã thay đổi làn da và tìm lại sự tự tin cùng PHARMA COSMETICS."
"Trang chủ","home_testi_cta_text","Nội dung nút cuối section","text","Có","Xem thêm phản hồi của khách hàng","Xem thêm phản hồi của khách hàng"
"Trang chủ","home_testi_cta_url","Đường dẫn nút cuối section","text","Có","/phan-hoi-cua-khach-hang","/phan-hoi-cua-khach-hang"
"Trang chủ","home_testi_1_tag","Tag liệu trình","text","Có","Liệu trình HISTOLAB","Liệu trình Mesotherapy"
"Trang chủ","home_testi_1_before","Ảnh Trước","image","Có","https://bizweb.dktcdn.net/100/415/053/theme_temp/1134857/assets/screenshot-2026-06-10-115925-a73a9cec-90b1-4a84-b833-7fc4675c4f15.png?1781065908689",""
"Trang chủ","home_testi_1_after","Ảnh Sau","image","Có","https://bizweb.dktcdn.net/100/415/053/theme_temp/1134857/assets/screenshot-2026-06-10-115830-1ee423a5-b7db-4acc-b6c7-d5dcdff7ce20.png?1781065908689",""
"Trang chủ","home_testi_1_result_title","Tiêu đề kết quả","text","Có","Chăm sóc da mụn chuyên sâu","Điều trị Mụn & Thâm"
"Trang chủ","home_testi_1_result_desc","Mô tả kết quả","textarea","Có","Giải pháp toàn diện, kết hợp các bước làm sạch y khoa với công nghệ tái tạo tế bào tiên tiến nhất, sử dụng bộ sản phẩm chuyên biệt từ thương hiệu dược mỹ phẩm hàng đầu HISTOLAB.","Cải thiện 85% tình trạng mụn viêm và thâm sau 4 tuần sử dụng phác đồ kết hợp."
"Trang chủ","home_testi_1_author","Tên khách hàng","text","Có","Hương Ly","Hương Nam"
"Trang chủ","home_testi_1_author_meta","Thông tin thêm (tuổi, nơi ở)","text","Có","21 tuổi, Hà Nội","24 tuổi, Hà Nội"
"Trang chủ","home_testi_1_avatar","Ảnh đại diện khách hàng","image","Chưa","",""
"Trang chủ","home_testi_2_tag","Tag liệu trình","text","Có","Liệu trình DERMICA ACNEZON","Liệu trình Chemical Peel"
"Trang chủ","home_testi_2_before","Ảnh Trước","image","Có","https://bizweb.dktcdn.net/100/415/053/theme_temp/1134857/assets/screenshot-2026-06-10-121027-82c9e245-026e-48e4-a13c-0208725a1fdd.png?1781068223395",""
"Trang chủ","home_testi_2_after","Ảnh Sau","image","Có","https://bizweb.dktcdn.net/100/415/053/theme_temp/1134857/assets/screenshot-2026-06-10-121252-9b37bb54-1e22-47f7-9e28-866d65ac18c9.png?1781068620070",""
"Trang chủ","home_testi_2_result_title","Tiêu đề kết quả","text","Có","Tiêu Viêm, Ngăn Sẹo Mụn Cấp Tốc","Trị Nám & Tàn Nhang"
"Trang chủ","home_testi_2_result_desc","Mô tả kết quả","textarea","Có","MESO DERMICA ACNEZON chính là phác đồ vàng, sử dụng huyết thanh trị mụn chuẩn y khoa từ Thụy Sĩ, giúp tiêu viêm cấp tốc và ngăn ngừa sẹo tối đa.","Xóa mờ 90% hắc sắc tố, mang lại làn da trắng sáng, đều màu và rạng rỡ tự nhiên."
"Trang chủ","home_testi_2_author","Tên khách hàng","text","Có","Mai Lan","Anh Lan"
"Trang chủ","home_testi_2_author_meta","Thông tin thêm (tuổi, nơi ở)","text","Có","28 tuổi, Hà Nội","42 tuổi, Đà Nẵng"
"Trang chủ","home_testi_2_avatar","Ảnh đại diện khách hàng","image","Chưa","",""
"Trang chủ","home_testi_3_tag","Tag liệu trình","text","Có","Liệu trình Volayon Verdoso","Liệu trình trẻ hóa tế bào"
"Trang chủ","home_testi_3_before","Ảnh Trước","image","Có","https://bizweb.dktcdn.net/100/415/053/theme_temp/1134857/assets/screenshot-2026-06-10-122440-8aea1b13-a134-44a5-8b7f-75052e0fddf4.png?1781068640552",""
"Trang chủ","home_testi_3_after","Ảnh Sau","image","Chưa","",""
"Trang chủ","home_testi_3_result_title","Tiêu đề kết quả","text","Có","""Giải Nhiệt"" và Tái Tạo Toàn Diện Cho Làn Da Nhạy Cảm","Tái cấu trúc Collagen"
"Trang chủ","home_testi_3_result_desc","Mô tả kết quả","textarea","Có","Giải pháp đột phá, sử dụng Tảo Spirulina cao cấp để làm dịu, ""giải nhiệt"" và phục hồi hàng rào bảo vệ da. Trải nghiệm ngay liệu trình 1:1, giúp làn da khỏe mạnh, giảm kích ứng, và lấy lại vẻ tươi trẻ, rạng rỡ từ bên trong.","Công nghệ xóa nhăn độc quyền giúp làn da săn chắc, đàn hồi và trẻ hóa 5–10 tuổi chỉ sau một liệu trình."
"Trang chủ","home_testi_3_author","Tên khách hàng","text","Có","Thanh Hằng","Minh Thảo"
"Trang chủ","home_testi_3_author_meta","Thông tin thêm (tuổi, nơi ở)","text","Chưa","","Giám đốc Sáng tạo"
"Trang chủ","home_testi_3_avatar","Ảnh đại diện khách hàng","image","Chưa","",""
"Trang chủ","home_feedback_1_enable","Bật feedback 1","checkbox","Có","true",""
"Trang chủ","home_feedback_1_author","Tác giả feedback 1","text","Có","Minh Anh, 28 tuổi",""
"Trang chủ","home_feedback_1_quote","Nội dung feedback 1","text","Có","Sản phẩm Retinol của shop thực sự thay đổi làn da mình sau 3 tháng. Tư vấn viên rất nhiệt tình và chuyên nghiệp.",""
"Trang chủ","home_feedback_2_enable","Bật feedback 2","checkbox","Có","true",""
"Trang chủ","home_feedback_2_author","Tác giả feedback 2","text","Có","Thu Thảo, 35 tuổi",""
"Trang chủ","home_feedback_2_quote","Nội dung feedback 2","text","Có","Liệu trình Mesotherapy tại Spa quá tuyệt vời. Da căng mướt ngay sau buổi đầu tiên. Không gian cực kỳ thư giãn.",""
"Trang chủ","home_feedback_3_enable","Bật feedback 3","checkbox","Có","true",""
"Trang chủ","home_feedback_3_author","Tác giả feedback 3","text","Có","Phương Linh, 30 tuổi",""
"Trang chủ","home_feedback_3_quote","Nội dung feedback 3","text","Có","Tin tưởng Pharma tuyệt đối về chất lượng sản phẩm. Luôn có quà tặng kèm và HDSD rất chi tiết.",""
"Trang chủ","home_feedback_4_enable","Bật feedback 4","checkbox","Có","true",""
"Trang chủ","home_ing_menu","Menu thành phần hoạt tính","link_list","Có","mua-sam-theo-thanh-phan",""
"Trang chủ","home_ing_eyebrow","Eyebrow (dòng nhỏ trên tiêu đề)","text","Có","Thấu hiểu làn da bằng khoa học","Trung tâm Khoa học"
"Trang chủ","home_ing_title","Tiêu đề","text","Có","Tìm theo hoạt chất","Trí tuệ đằng sau làn da"
"Trang chủ","home_ing_subtitle","Tiêu đề phụ","textarea","Có","Phác đồ chuyên sâu phối hợp các hoạt chất nồng độ cao được kiểm nghiệm lâm sàng, mang lại thay đổi rõ rệt và an toàn cho nền da.","Khám phá các thành phần hoạt tính nồng độ cao giúp thay đổi làn da từ cấp độ tế bào."
"Trang chủ","home_featured_eyebrow","Eyebrow (dòng nhỏ trên tiêu đề)","text","Có","Sản phẩm được yêu thích","Cửa hàng trực tuyến"
"Trang chủ","home_featured_title","Tiêu đề section","text","Có","Sản phẩm bán chạy","Sản phẩm nổi bật"
"Trang chủ","home_featured_subtitle","Tiêu đề phụ","text","Có","",""
"Trang chủ","home_featured_collection","Danh mục sản phẩm","collection","Có","san-pham-ban-chay-noi-bat",""
"Trang chủ","home_featured_limit","Số sản phẩm hiển thị","text","Có","10","8"
"Trang chủ","home_featured_viewall_text","Nhãn nút Xem tất cả","text","Có","Xem tất cả","Xem tất cả sản phẩm"
"Trang chủ","home_stat_1_target","Con số (chỉ nhập số)","text","Chưa","","98"
"Trang chủ","home_stat_1_suffix","Ký tự sau số (vd: %, +)","text","Chưa","","%"
"Trang chủ","home_stat_1_label","Nhãn","text","Có","khách hàng hài lòng","Khách hàng hài lòng"
"Trang chủ","home_stat_1_source","Nguồn / chú thích (tùy chọn)","text","Chưa","",""
"Trang chủ","home_stat_2_target","Con số (chỉ nhập số)","text","Chưa","","15"
"Trang chủ","home_stat_2_suffix","Ký tự sau số (vd: %, +)","text","Chưa","","'+"
"Trang chủ","home_stat_2_label","Nhãn","text","Có","nhãn hàng độc quyền","Thương hiệu uy tín"
"Trang chủ","home_stat_2_source","Nguồn / chú thích (tùy chọn)","text","Chưa","",""
"Trang chủ","home_stat_3_target","Con số (chỉ nhập số, vd 10000 → 10k)","text","Chưa","","10000"
"Trang chủ","home_stat_3_suffix","Ký tự sau số (vd: %, +)","text","Chưa","","'+"
"Trang chủ","home_stat_3_label","Nhãn","text","Có","đơn hàng mỗi tháng","Khách hàng tin dùng"
"Trang chủ","home_stat_3_source","Nguồn / chú thích (tùy chọn)","text","Chưa","",""
"Trang chủ","stat_4_text","Nội dung (vd: 24/7)","text","Chưa","","24/7"
"Trang chủ","home_stat_4_label","Nhãn","text","Có","hỗ trợ 24/7","Chuyên gia hỗ trợ"
"Trang chủ","home_stat_4_source","Nguồn / chú thích (tùy chọn)","text","Chưa","",""
"Trang chủ","home_stat_4_text","Stat 4 - Giá trị văn bản","text","Có","24/7","24/7"
"Trang chủ","section_about_product_width","Chiều rộng hình ảnh sản phẩm","text","Có","1010","600"
"Trang chủ","section_about_product_height","Chiều cao hình ảnh sản phẩm","text","Có","1184","371"
"Trang chủ","slider_width","Nhập kích thước chiều rộng ảnh Slide","text","Có","900","900"
"Trang chủ","slider_height","Nhập kích thước chiều cao ảnh Slide","text","Có","447","342"
"Trang chủ","banner4_width","Chiều rộng hình ảnh","text","Có","437","640"
"Trang chủ","banner4_height","Chiều cao hình ảnh","text","Có","260","240"
"Trang chủ","banner2_width","Chiều rộng hình ảnh","text","Có","500","500"
"Trang chủ","banner2_height","Chiều cao hình ảnh","text","Có","275","275"
"Trang chủ","banner1_width","Chiều rộng hình ảnh","text","Chưa","","1280"
"Trang chủ","banner1_height","Chiều cao hình ảnh","text","Chưa","","380"
"Trang chủ","section_blog_url","Danh mục tiêu đề","blog","Có","bi-quyet",""
"Trang chủ","section_blog_1_limit","Giới hạn số sản phẩm cho tất cả các tab","text","Có","9","8"
"Trang danh mục","section_pro_1_limit","Số sản phẩm mỗi lần tải (Xem thêm / Ajax)","text","Có","10","10"
"Trang danh mục","collection_number_product","Số sản phẩm trên trang","text","Có","12","16"
"Trang danh mục","aside_coupon_enable","Hiển thị?","checkbox","Chưa","","true"
"Trang danh mục","aside_category_enable_bot","Hiển thị khối?","checkbox","Có","false","true"
"Trang danh mục","aside_category_menu_bot","Chọn menu danh mục sản phẩm","link_list","Có","main-menu",""
"Trang danh mục","des_all_page","Chọn trang nội dung","page","Có","mo-ta-noi-dung-danh-muc",""
"Trang danh mục","aside_category_enable","Hiển thị khối?","checkbox","Có","false","true"
"Trang danh mục","aside_category_title","Tiêu đề","text","Có","Danh mục sản phẩm",""
"Trang danh mục","aside_category_menu","Chọn menu danh mục sản phẩm","link_list","Có","main-menu",""
"Trang danh mục","aside_filter_enable","Hiển thị bộ lọc","checkbox","Có","true",""
"Trang danh mục","filter_vendor","Hiển thị bộ lọc hãng","checkbox","Có","true",""
"Trang danh mục","filter_vendor_title","Tiêu đề","text","Có","Thương Hiệu","Thương hiệu"
"Trang danh mục","filter_type","Hiển thị bộ lọc loại sản phẩm","checkbox","Có","true",""
"Trang danh mục","filter_type_title","Tiêu đề","text","Có","Loại Sản Phẩm","Loại sản phẩm"
"Trang danh mục","filter_tag1","Hiển thị bộ lọc tag sản phẩm","checkbox","Có","true",""
"Trang danh mục","filter_tag1_title","Tiêu đề","text","Có","Thành Phần Hoạt Tính","Màu sắc"
"Trang danh mục","filter_tag1_list","Nhập các tên tag cần lọc","textarea","Có","Retinol;Vitamin C;Hyaluronic Acid;Niacinamide",""
"Trang danh mục","filter_tag2","Hiển thị bộ lọc tag sản phẩm","checkbox","Có","true",""
"Trang danh mục","filter_tag2_title","Tiêu đề","text","Có","Vấn Đề Về Da","Dung lượng"
"Trang danh mục","filter_tag2_list","Nhập các tên tag cần lọc","textarea","Có","Mụn trứng cá;Lão hóa;Nhạy cảm;Sắc tố",""
"Trang danh mục","filter_tag3","Hiển thị bộ lọc tag sản phẩm","checkbox","Có","false",""
"Trang danh mục","filter_tag3_title","Tiêu đề","text","Có","","Tình trạng"
"Trang danh mục","filter_tag3_list","Nhập các tên tag cần lọc","textarea","Có","",""
"Trang danh mục","recent_product_enabled","Bật sản phẩm xem gần đây","checkbox","Có","true",""
"Trang danh mục","product_recent_limit","Giới hạn sản phẩm xem gần đây","text","Có","6",""
"Trang danh mục","product_upsell_enable","Bật upsell popup","checkbox","Có","true",""
"Trang danh mục","product_wishlist_limit","Giới hạn sản phẩm yêu thích","text","Có","4",""
"Trang danh mục","product_wishlist_title","Tiêu đề sản phẩm yêu thích","text","Có","Có thể bạn thích",""
"Trang danh mục","pro_category_menu","Menu danh mục sản phẩm","link_list","Có","menu-danh-muc",""
"Trang sản phẩm","product_swatch_enable","Dùng biến thể màu?","checkbox","Có","true",""
"Trang sản phẩm","product_info_enable","Hiển thị khối?","checkbox","Chưa","","true"
"Trang sản phẩm","img_info_icon.jpg","Ảnh","image","Chưa","",""
"Trang sản phẩm","product_info_title","Tiêu đề 1","text","Có","Tư vấn chuyên môn","Người Theo Dõi: 10,8k"
"Trang sản phẩm","product_info_title_2","Tiêu đề 2 ","text","Có","Pharma Cosmetics","Nhà Bean Pharma"
"Trang sản phẩm","product_link_1_title","Tiêu đề liên kết 1","text","Có","Gọi tư vấn","Liên kết Tiktok Shop"
"Trang sản phẩm","product_link_1_url","Đường dẫn liên kết 1","text","Có","Tel:0965594399","https://seller-vn.tiktok.com/"
"Trang sản phẩm","product_link_2_title","Tiêu đề liên kết 2","text","Có","","Xem shop ngay"
"Trang sản phẩm","product_link_2_url","Đường dẫn liên kết 2","text","Có","","/collections/all"
"Trang sản phẩm","product_sharing_enable","Hiển thị khối?","checkbox","Có","true",""
"Trang sản phẩm","product_buynow_title","Tiêu đề mua ngay","textarea","Có","<span>MUA NGAY</span><span style=""font-size: 11px;"">Giao hàng tận nơi và kiểm tra hàng trước thanh toán</span>","<span>MUA NGAY</span><span>Giao hàng tận nơi hoặc nhận tại cửa hàng</span>"
"Trang sản phẩm","product_installment_title","Tiêu đề nút đặt trước","textarea","Có","ĐẶT TRƯỚC SẢN PHẨM<span>Nhận sản phẩm nhanh hơn khi có hàng</span>","MUA TRẢ GÓP<span>Duyệt hồ sơ trong 5 phút</span>"
"Trang sản phẩm","icon_pre_order.png","Ảnh icon (300x243px) .png","image","Chưa","",""
"Trang sản phẩm","product_store_enable","Dùng?","checkbox","Có","false","true"
"Trang sản phẩm","product_store_title","Tiêu đề","text","Có","Tìm nhà thuốc gần bạn nhất","Tìm cửa hàng gần bạn nhất"
"Trang sản phẩm","product_coupon_enable","Hiển thị","checkbox","Chưa","","true"
"Trang sản phẩm","product_policy_enable","Hiển thị","checkbox","Chưa","","true"
"Trang sản phẩm","product_policy_1_enable","Hiển thị chính sách 1","checkbox","Chưa","","true"
"Trang sản phẩm","product_policy_1_title","Nội dung chính sách 1","text","Có","Hoàn tiền 150% nếu phát hiện hàng giả","Miễn phí vận chuyển tại TP.HCM"
"Trang sản phẩm","product_policy_2_enable","Hiển thị chính sách 2","checkbox","Chưa","","true"
"Trang sản phẩm","product_policy_2_title","Nội dung chính sách 2","text","Có","Miễn phí giao hàng toàn quốc","Bảo hành chính hãng toàn quốc"
"Trang sản phẩm","product_policy_3_enable","Hiển thị chính sách 3","checkbox","Chưa","","true"
"Trang sản phẩm","product_policy_3_title","Nội dung chính sách 3","text","Có","Hỗ trợ đổi trả miễn phí","Cam kết chính hãng 100%"
"Trang sản phẩm","product_policy_4_enable","Hiển thị chính sách 4","checkbox","Chưa","","true"
"Trang sản phẩm","product_policy_4_title","Nội dung chính sách 4","text","Có","Hỗ trợ tận tình 24/7","Hỗ trợ sửa chữa, bảo hành"
"Trang sản phẩm","product_promo_enable","Dùng khuyến mãi?","checkbox","Có","false",""
"Trang sản phẩm","product_promo_text","Tiêu đề","textarea","Chưa","","KHUYẾN MÃI - ƯU ĐÃI"
"Trang sản phẩm","product_combo_title","Nhập tiêu đề khối","text","Có","Sản phẩm mua kèm","Sản phẩm mua kèm"
"Trang sản phẩm","product_flashsale_enable","Sử dụng khối?","checkbox","Chưa","","true"
"Trang sản phẩm","product_flashsale_title","Nhập tiêu đề ngắn","textarea","Chưa","","Cơ hội cuối! Chương trình sẽ kết thúc sau:"
"Trang sản phẩm","product_video_title","Tiêu đề","text","Có","Xem video",""
"Trang sản phẩm","product_tab2_enable","Hiển thị tab 2","checkbox","Có","true",""
"Trang sản phẩm","product_tab2_title","Tiêu đề tab 2","text","Chưa","",""
"Trang sản phẩm","product_tab3_enable","Hiển thị","checkbox","Có","true",""
"Trang sản phẩm","product_specifications_title","Tiêu đề khối","text","Có","Thông tin chi tiết","Thông số kỹ thuật"
"Trang sản phẩm","product_combo_compat_enable","Dùng có thể bạn đang tìm?","checkbox","Có","true",""
"Trang sản phẩm","product_related_title","Tiêu đề","text","Có","<span>Có thể</span> bạn thích","Tin nổi bật"
"Trang sản phẩm","product_related_collection","Chọn danh mục sản phẩm","collection","Có","top-kem-duong-noi-bat",""
"Trang sản phẩm","product_related_limit","Giới hạn","text","Có","4","5"
"Trang sản phẩm","product_recent_enable","Hiển thị khối?","checkbox","Có","true","true"
"Trang sản phẩm","product_same_cate_title","Tiêu đề","text","Có","<span>Sản phẩm</span> liên quan","Sản phẩm liên quan"
"Trang sản phẩm","product_same_cate_limit","Giới hạn sản phẩm","text","Có","6","5"
"Trang sản phẩm","product_same_enable","Dùng sản phẩm cùng phân khúc giá?","checkbox","Có","true",""
"Trang sản phẩm","product_same_price_title","Tiêu đề","text","Có","<span>Cùng phân</span> khúc giá","Cùng phân khúc giá"
"Trang sản phẩm","product_same_price_limit","Giới hạn số lượng sản phẩm","text","Chưa","","10"
"Trang sản phẩm","product_viewed_enable","Hiển thị khối?","checkbox","Có","true","true"
"Trang sản phẩm","product_viewed_title","Tiêu đề","text","Có","Sản phẩm đã xem","Bạn đã xem"
"Trang sản phẩm","pro_category_title","Tiêu đề danh mục sản phẩm","text","Có","Danh mục sản phẩm",""
"Trang sản phẩm","user_product_sumary","Tóm tắt sản phẩm user","text","Có","true",""
"Trang sản phẩm","combo_height","Chiều cao combo (px)","text","Có","560",""
"Trang sản phẩm","combo_width","Chiều rộng combo (px)","text","Có","420",""
"Blog & Bài viết","blogs_number_perpage","Số bài viết trên trang","text","Có","6","12"
"Blog & Bài viết","article_social_enable","Hiển thị?","checkbox","Có","true","true"
"Blog & Bài viết","blog_lq_enable","Hiển thị?","checkbox","Chưa","","true"
"Blog & Bài viết","title_blog_relate","Tiêu đề","text","Có","Tin tức liên quan",""
"Blog & Bài viết","limit_blog_relate","Giới hạn bài viết","text","Có","7","6"
"Blog & Bài viết","right_asideblog_enable","Dùng cột phải?","checkbox","Chưa","","true"
"Blog & Bài viết","right_aside_blog","Hiển thị?","checkbox","Chưa","","true"
"Blog & Bài viết","aside_category_blog_title","Tiêu đề","text","Có","Danh mục sản phẩm",""
"Blog & Bài viết","aside_category_blog_menu","Chọn menu","link_list","Có","main-menu",""
"Blog & Bài viết","right_aside_noibat","Hiển thị?","checkbox","Chưa","","true"
"Blog & Bài viết","news_relate","Tiêu đề","text","Có","Tin nổi bật","Tin tức nổi bật"
"Blog & Bài viết","relate_blog","Chọn danh mục bài viết","blog","Có","tin-tuc",""
"Blog & Bài viết","number_relate_blog","Giới hạn bài viết","text","Có","5","4"
"Blog & Bài viết","article_tags_enable","Hiển thị tags bài viết","checkbox","Có","true",""
"Blog & Bài viết","blog_expert_per_page","Số bài viết trên trang","text","Chưa","","12"
"Blog & Bài viết","blog_expert_aside_enable","Hiển thị khối?","checkbox","Có","true","true"
"Blog & Bài viết","blog_expert_aside_menu","Chọn menu danh mục blog","link_list","Có","goc-suc-khoe",""
"Blog & Bài viết","blog_expert_related_title","Tiêu đề","text","Chưa","","Đội ngũ chuyên môn"
"Blog & Bài viết","blog_expert_blog","Chọn danh mục bài viết","blog","Có","doi-ngu-duoc-si",""
"Blog & Bài viết","blog_expert_related_limit","Số bài liên quan chuyên gia","select","Có","3","3"
"Blog & Bài viết","number_doingu_blog","Giới hạn bài viết","text","Có","5","4"
"Blog & Bài viết","kiemduyet_user_enable","Hiển thị khối kiểm duyệt?","checkbox","Có","false","true"
"Blog & Bài viết","img_kiemd_icon.jpg","Ảnh","image","Chưa","",""
"Blog & Bài viết","kiem_duyet_name","Tên người kiểm duyệt","text","Có","Pharma Cosmetics","Nhà thuốc Bean Pharmacity"
"Blog & Bài viết","kiem_duyet_title","Tiêu đề kiểm duyệt","text","Chưa","","Nội dung đã được kiểm duyệt"
"Blog & Bài viết","kiem_duyet_content","Nôi dung dược sĩ","textarea","Có","Có kinh nghiệm trên nhiều năm trong lĩnh vực bán lẻ Dược mỹ phẩm & TPCN, là chuyên gia hướng dẫn và tư vấn sử dụng sản phẩm một cách an toàn, hiệu quả, hướng đến chăm sóc tốt nhất cho mọi người. ","Có kinh nghiệm trên nhiều năm trong lĩnh vực Dược phẩm, là dược sĩ hướng dẫn và tư vấn sử dụng thuốc một cách an toàn, hiệu quả, hướng đến chăm sóc tốt nhất cho mọi người. Hiện tại, chị là dược sĩ phụ trách chuyên môn và cũng là chủ Nhà Thuốc Bean Pharmacity"
"Giỏ hàng","free_shipping_enable","Hiển thị?","checkbox","Có","true",""
"Giỏ hàng","free_shipping_text_1","Nội dung miễn phí vận chuyển","text","Chưa","","Đơn hàng được miễn phí vận chuyển"
"Giỏ hàng","free_shipping_text_2","Nội dung 1","text","Chưa","","Mua tối thiểu"
"Giỏ hàng","free_shipping_text_3","Nội dung 3","text","Chưa","","để được <b>MIỄN PHÍ VẬN CHUYỂN</b>"
"Giỏ hàng","free_shipping_price","Mức giá tối thiểu miễn phí vận chuyển","text","Có","500000","1500000"
"Giỏ hàng","delivery_show","Hiển thị","checkbox","Có","false",""
"Giỏ hàng","delivery_heading","Tiêu đề","text","Có","Thời gian giao hàng",""
"Giỏ hàng","delivery_date_title","Tiêu đề ngày nhận","text","Chưa","",""
"Giỏ hàng","delivery_time_title","Tiêu đề thời gian nhận","text","Chưa","",""
"Giỏ hàng","delivery_time_default","Tiêu đề danh sách thả xuống","text","Có","Chọn thời gian",""
"Giỏ hàng","delivery_time","Thời gian giao hàng","textarea","Có","08h00 - 12h00; 14h00 - 18h00; 19h00 - 21h00",""
"Giỏ hàng","use_cart_vat","Hiển thị","checkbox","Có","false",""
"Giỏ hàng","use_cart_coupons","Hiển thị khối?","checkbox","Có","false",""
"Giỏ hàng","cart_suggest_product_enable","Hiển thị khối?","checkbox","Chưa","","true"
"Giỏ hàng","cart_suggest_product_title","Nhập tiêu đề khối","text","Có","<span>Có thể </span> bạn thích","Có thể bạn thích"
"Giỏ hàng","cart_suggest_product_col","Chọn danh mục sản phẩm hiển thị","collection","Có","san-pham-noi-bat",""
"Giỏ hàng","cart_suggest_product_limit","Nhập số sản phẩm hiển thị","text","Chưa","","6"
"Giỏ hàng","use_coupons_order","Hiển thị","checkbox","Chưa","","true"
"Giỏ hàng","aside_category_menu_order","Chọn menu","link_list","Có","mua-sam-theo-san-pham",""
"Tài khoản khách hàng","account_active_limit","Số đơn 'đang đến' hiển thị tối đa","text","Có","2","2"
"Tài khoản khách hàng","account_reorder_limit","Số sản phẩm 'Mua lại nhanh' tối đa","text","Có","8","8"
"Trang Đăng nhập / Đăng ký","auth_panel_image","Ảnh panel thương hiệu (desktop bên trái / mobile banner trên)","image","Có","",""
"Trang Đăng nhập / Đăng ký","auth_panel_headline","Tiêu đề panel thương hiệu","text","Có","Chăm sóc da chuẩn y khoa, cá nhân hoá cho riêng bạn","Chăm sóc da chuẩn y khoa, cá nhân hoá cho riêng bạn"
"Trang Đăng nhập / Đăng ký","auth_panel_tagline","Mô tả ngắn dưới tiêu đề","textarea","Có","SKIN HEALTH BEAUTY by PHARMA COSMETICS — hệ thống dược mỹ phẩm & trị liệu da đồng hành cùng bạn từ chẩn đoán tới phác đồ.","SKIN HEALTH BEAUTY by PHARMA COSMETICS — hệ thống dược mỹ phẩm & trị liệu da đồng hành cùng bạn từ chẩn đoán tới phác đồ."
"Trang Đăng nhập / Đăng ký","auth_trust_badge_1","Trust badge 1","text","Có","Dược sĩ/Chuyên gia thẩm định thành phần","Dược sĩ/Chuyên gia thẩm định thành phần"
"Trang Đăng nhập / Đăng ký","auth_trust_badge_2","Trust badge 2","text","Có","Cam kết hàng chính hãng 100%","Cam kết hàng chính hãng 100%"
"Trang Đăng nhập / Đăng ký","auth_trust_badge_3","Trust badge 3","text","Có","Tư vấn 1:1 cùng chuyên gia da liễu","Tư vấn 1:1 cùng chuyên gia da liễu"
"Mobile","mobile_header_sticky","Ghim đầu trang khi cuộn (sticky)","checkbox","Có","true","true"
"Mobile","mobile_header_compact","Thu gọn 1 hàng khi cuộn xuống","checkbox","Có","true","true"
"Mobile","mobile_bottom_nav_enable","Bật thanh điều hướng dưới","checkbox","Có","true","true"
"Mobile","mobile_nav_home_enable","Bật tab Trang chủ","checkbox","Có","true","true"
"Mobile","mobile_nav_home_label","Nhãn tab","text","Có","Trang chủ","Trang chủ"
"Mobile","mobile_nav_home_url","Đường dẫn","text","Có","/","/"
"Mobile","mobile_nav_home_icon","Icon (FA class)","text","Có","",""
"Mobile","mobile_nav_products_enable","Bật tab Sản phẩm","checkbox","Có","false","true"
"Mobile","mobile_nav_products_label","Nhãn tab","text","Có","Danh Mục","Sản phẩm"
"Mobile","mobile_nav_products_url","Đường dẫn","text","Có","/collections/all","/collections/all"
"Mobile","mobile_nav_products_icon","Icon (FA class)","text","Có","fas fa-bag-shopping",""
"Mobile","mobile_nav_wishlist_enable","Bật tab 3","checkbox","Có","true","true"
"Mobile","mobile_nav_wishlist_label","Nhãn tab","text","Có","Trước Sau","Yêu thích"
"Mobile","mobile_nav_wishlist_url","Đường dẫn","text","Có","/phan-hoi-cua-khach-hang",""
"Mobile","mobile_nav_wishlist_icon","Icon (FA class)","text","Có","fas fa-children",""
"Mobile","mobile_nav_blog_enable","Bật tab 4","checkbox","Có","true","true"
"Mobile","mobile_nav_blog_label","Nhãn tab","text","Có","Về chúng tôi","Blog"
"Mobile","mobile_nav_blog_url","Đường dẫn","text","Có","/about-us","/tin-tuc"
"Mobile","mobile_nav_blog_icon","Icon (FA class)","text","Có","fas fa-users-rays",""
"Mobile","mobile_nav_account_enable","Bật tab Tài khoản","checkbox","Có","true","true"
"Mobile","mobile_nav_account_label","Nhãn tab","text","Có","Tài khoản","Tài khoản"
"Mobile","mobile_nav_account_url","Đường dẫn","text","Có","/account","/account"
"Mobile","mobile_nav_account_icon","Icon (FA class)","text","Có","",""
"Mobile","mobile_search_popup_enable","Bật popup tìm kiếm toàn màn hình","checkbox","Có","true","true"
"Mobile","mobile_search_placeholder","Chữ gợi ý trong ô tìm kiếm","text","Có","Tìm sản phẩm, thương hiệu...","Tìm sản phẩm, thương hiệu..."
"Chân trang","enable_info_foo","Hiển thị mô tả chân trang?","checkbox","Chưa","","true"
"Chân trang","content_info_foo","Nội dung mô tả","textarea","Có","NỀN TẢNG DƯỢC MỸ PHẨM TOÀN CẦU VÀ TRỊ LIỆU DA CÁ NHÂN HÓA, ĐỒNG HÀNH CÙNG BẠN TRÊN HÀNH TRÌNH XÂY DỰNG LÀN DA KHỎE ĐẸP BỀN VỮNG.",""
"Chân trang","footer_social_enable","hiển thị khối?","checkbox","Có","true","true"
"Chân trang","footer_social_fb","Link Facebook","text","Có","https://www.facebook.com/pharmacosmeticsvn","#"
"Chân trang","footer_social_insta","Link Instagram","text","Có","https://www.instagram.com/pharmacosmeticsvietnam?igsh=MXNidDVqZDRmNWtuZg%3D%3D&utm_source=qr","#"
"Chân trang","footer_social_shopee","Link Shopee","text","Có","","#"
"Chân trang","footer_social_lazada","Link Lazada","text","Có","","#"
"Chân trang","footer_social_tiktok","Link Tiktok","text","Có","","#"
"Chân trang","footer_social_whatsapp","Link WhatsApp","text","Có","https://wa.me/84967194063",""
"Chân trang","footer_payment_enable","hiển thị khối?","checkbox","Chưa","","true"
"Chân trang","footer_payment_title","Tiêu đề","text","Có","Hỗ trợ thanh toán","Hỗ trợ thanh toán"
"Chân trang","footer_payment_1_enable","Hiển thị thanh toán 1","checkbox","Có","true","true"
"Chân trang","footer_payment_1_alt","Alt thanh toán 1","text","Có","MoMo","Thanh toán 1"
"Chân trang","footer_payment_2_enable","Hiển thị thanh toán 2","checkbox","Có","true","true"
"Chân trang","footer_payment_2_alt","Alt thanh toán 2","text","Có","Zalo Pay","Thanh toán 2"
"Chân trang","footer_payment_3_enable","Hiển thị thanh toán 3","checkbox","Có","true","true"
"Chân trang","footer_payment_3_alt","Alt thanh toán 3","text","Có","VnPay","Thanh toán 3"
"Chân trang","footer_payment_4_enable","Hiển thị thanh toán 4","checkbox","Có","false","true"
"Chân trang","footer_payment_4_alt","Alt thanh toán 4","text","Có","Moca","Thanh toán 4"
"Chân trang","footer_payment_5_enable","Hiển thị thanh toán 5","checkbox","Chưa","","true"
"Chân trang","footer_payment_5_alt","Alt thanh toán 5","text","Có","Visa","Thanh toán 5"
"Chân trang","footer_policy_title","Tiêu đề","text","Có","Thông tin","Chính sách"
"Chân trang","footer_policy_menu","Chọn danh mục","link_list","Có","footer",""
"Chân trang","footer_support_title","Tiêu đề","text","Có","Chính sách & Dịch vụ","Hướng dẫn"
"Chân trang","footer_support_menu","Chọn danh mục","link_list","Có","footer-dich-vu",""
"Chân trang","footer_custom_title","Tiêu đề","text","Có","Danh mục sản phẩm","Hướng dẫn"
"Chân trang","footer_custom_menu","Chọn danh mục","link_list","Có","footer-categories",""
"Chân trang","footer_search_title","Tiêu đề","text","Có","Đăng ký nhận tin","Hỗ trợ"
"Chân trang","footer_support_1_enable","Hiển thị","checkbox","Chưa","","true"
"Chân trang","footer_support_1_title","Tiêu đề","text","Chưa","","Mua hàng trực tuyến"
"Chân trang","footer_support_1_hotline","Hotline","text","Có","0967194063","1800 6750"
"Chân trang","footer_support_1_hotline_sub","Text phụ hotline","text","Chưa","","(24/7)"
"Chân trang","footer_support_1_email","Email","text","Có","","sales.beanstyle@sapo.vn"
"Chân trang","footer_support_2_enable","Hiển thị","checkbox","Có","false","true"
"Chân trang","footer_support_2_title","Tiêu đề","text","Chưa","","Hotline góp ý"
"Chân trang","footer_support_2_hotline","Hotline","text","Có","0967194063","1900 6750"
"Chân trang","footer_support_2_hotline_sub","Text phụ hotline","text","Chưa","",""
"Chân trang","footer_support_2_email","Email","text","Có","","support@sapo.vn"
"Chân trang","footer_qr_enable","Hiển thị","checkbox","Chưa","","true"
"Chân trang","footer_app_title","Tiêu đề","text","Có","KẾT NỐI ZALO - NHẬN TRỌN QUYỀN LỢI: ✅ Deal Tết độc quyền | ✅ Tư vấn da 1:1 I  Tham gia tại:","Mua hàng qua App"
"Chân trang","footer_qr_alt","Alt ảnh","text","Có","","Zalo Mini App"
"Chân trang","footer_qr_hotline","Đường dẫn ảnh","text","Có","https://zalo.me/g/dutzwj461","https://apps.sapo.vn/aimini"
"Chân trang","footer_search_display","Hiển thị trên thiết bị","select","Có","all","all"
"Chân trang","footer_search_title_2","Tiêu đề","text","Có","TỪ KHÓA ĐƯỢC TÌM KIẾM NHIỀU NHẤT","Tra cứu hàng đầu"
"Chân trang","footer_search_menu","Nhập từ khóa","textarea","Có","Phục hồi da chuyên sâu; Trị mụn nội tiết; Trị nám cho da nhạy cảm; Kem chống nắng cho da treatment; Serum HA cấp nước; Peel da tại nhà; Trị thâm mụn ;","Cảm cúm;Omega 3;Thuốc nhỏ mắt;Dung dịch vệ sinh;Đau đầu;Nhức mỏi"
"Chân trang","footer_search_2_display","Hiển thị trên thiết bị","select","Có","none","none"
"Chân trang","footer_search_2_title","Tiêu đề","text","Có","Có thể bạn đang tìm kiếm","Có thể bạn đang tìm kiếm"
"Chân trang","footer_search_2_menu","Nhập từ khóa","textarea","Có","",""
"Chân trang","footer_copyright","Copyright","text","Có","© Bản quyền thuộc về <b>Pharma Cosmetics</b>",""
"Chân trang","footer_legal_company","Tên thương nhân / doanh nghiệp","text","Có","HỘ KINH DOANH PHARMA COSMETICS",""
"Chân trang","footer_legal_tax_code","Mã số thuế / Mã số doanh nghiệp","text","Có","01M8029625",""
"Chân trang","footer_legal_license_date","Ngày cấp ĐKKD","text","Có","07/05/2022",""
"Chân trang","footer_legal_license_issuer","Nơi cấp ĐKKD","text","Có","UBND Quận Hoàng Mai, Thành phố Hà Nội",""
"Chân trang","footer_legal_representative","Người đại diện pháp luật","text","Có","",""
"Chân trang","footer_legal_address","Địa chỉ trên giấy phép ĐKKD","text","Có","Số 897 Đường Giải Phóng, Phường Giáp Bát, Quận Hoàng Mai, Thành phố Hà Nội",""
"Chân trang","footer_legal_phone","Điện thoại đăng ký kinh doanh","text","Có","0965594399",""
"Chân trang","footer_legal_email","Email đăng ký kinh doanh","text","Có","pharmacosmeticsvn@gmail.com",""
"Chân trang","footer_bct_url","Link xác nhận đã thông báo Bộ Công Thương","text","Có","",""
"Chân trang","footer_menu1_enable","Bật footer menu 1","checkbox","Có","true",""
"Chân trang","footer_menu1_title","Tiêu đề footer menu 1","text","Có","Tài khoản",""
"Chân trang","footer_menu1","Chọn menu 1","link_list","Có","tai-khoan",""
"Chân trang","footer_menu2_enable","Bật footer menu 2","checkbox","Có","true",""
"Chân trang","footer_menu2_title","Tiêu đề footer menu 2","text","Có","Chính sách",""
"Chân trang","footer_menu2","Chọn menu 2","link_list","Có","chinh-sach",""
"Chân trang","footer_menu3_enable","Bật footer menu 3","checkbox","Có","true",""
"Chân trang","footer_menu3_title","Tiêu đề footer menu 3","text","Có","Điều khoản",""
"Chân trang","footer_menu3","Chọn menu 3","link_list","Có","dieu-khoan",""
"Chân trang","footer_menu4_enable","Bật footer menu 4","checkbox","Có","true",""
"Chân trang","footer_menu4_title","Tiêu đề footer menu 4","text","Có","Hướng dẫn",""
"Chân trang","footer_menu4","Chọn menu 4","link_list","Có","huong-dan",""
"Chân trang","footer_menu5_enable","Bật footer menu 5","checkbox","Có","true",""
"Chân trang","footer_menu5_title","Tiêu đề footer menu 5","text","Có","Menu main",""
"Chân trang","footer_menu5","Chọn menu 5","link_list","Có","main-menu",""
"Chân trang","product_viewed_eyebrow","Eyebrow sản phẩm đã xem","text","Có","Gần đây",""
"Chân trang","footer_cate_display","Hiển thị danh mục SEO","select","Có","desktop","none"
"Chân trang","footer_cate_title","Tiêu đề khối (để trống nếu không dùng)","text","Có","DANH MỤC SẢN PHẨM","DANH MỤC SẢN PHẨM"
"Chân trang","footer_cate_subtitle","Tiêu đề phụ (tùy chọn)","text","Có","",""
"Chân trang","footer_cate_group_1_title","Tiêu đề nhóm 1","text","Có","Tình trạng làn da","DANH MỤC ĐIỀU TRỊ"
"Chân trang","footer_cate_group_1_menu","Chọn menu nhóm 1","link_list","Có","tinh-trang-lan-da",""
"Chân trang","footer_cate_group_2_title","Tiêu đề nhóm 2","text","Có","Thành phần hoạt chất","HOẠT CHẤT"
"Chân trang","footer_cate_group_2_menu","Chọn menu nhóm 2","link_list","Có","thanh-phan-hoat-chat",""
"Chân trang","footer_cate_group_3_title","Tiêu đề nhóm 3","text","Có","Gel dưỡng","THƯƠNG HIỆU"
"Chân trang","footer_cate_group_3_menu","Chọn menu nhóm 3","link_list","Có","gel-duong",""
"Chân trang","footer_cate_group_4_title","Tiêu đề nhóm 4 (tùy chọn)","text","Có","Bước chăm sóc da",""
"Chân trang","footer_cate_group_4_menu","Chọn menu nhóm 4 (tùy chọn)","link_list","Có","buoc-cham-soc-da",""
"Chân trang","footer_brands_display","Hiển thị thương hiệu & loại SP","select","Có","all","all"
"Chân trang","footer_brands_title","Tiêu đề khối thương hiệu","text","Có","DƯỢC MỸ PHẨM NỔI BẬT","TOP THƯƠNG HIỆU NỔI BẬT"
"Chân trang","footer_brands_menu","Menu thương hiệu","link_list","Có","top-thuong-hieu",""
"Chân trang","footer_brands_viewall","Link ""Xem tất cả thương hiệu""","text","Có","",""
"Chân trang","footer_types_title","Tiêu đề khối loại sản phẩm","text","Có","GIẢI PHÁP ĐIỀU TRỊ BÁN CHẠY","MUA SẮM THEO LOẠI"
"Chân trang","footer_types_menu","Menu loại sản phẩm","link_list","Có","giai-phap-dieu-tri",""
"Chân trang","footer_types_viewall","Link ""Xem tất cả loại""","text","Có","",""
"SEO","product_wishlist_collection","URL sản phẩm yêu thích","text","Có","san-pham-ban-chay",""
"Liên hệ & Hỗ trợ","store_edit","Hiển thị thông tin tùy chỉnh, nếu không chọn sẽ lấy thông tin mặc định từ website.","checkbox","Có","true",""
"Liên hệ & Hỗ trợ","store_name","Tên cửa hàng","text","Có","Pharma Cosmetics","Bean Baby"
"Liên hệ & Hỗ trợ","store_address","Địa chỉ","textarea","Có","Phòng trị liệu da chuyên nghiệp 1:1 (Skin Health Beauty)

Địa chỉ: Số 44 Ngõ 897 Giải Phóng, Hoàng Mai, Hà Nội","70 Lữ Gia, Phường 15, Quận 11, Thành phố Hồ Chí Minh"
"Liên hệ & Hỗ trợ","store_phone","Điện thoại","text","Có","0967.194.063","1900 6750"
"Liên hệ & Hỗ trợ","store_email","Email","text","Có","support@pharmacosmetics-vn.com","support@sapo.vn"
"Liên hệ & Hỗ trợ","store_subname","Tên phụ cửa hàng","text","Có","CLINICAL DERMATOLOGY VIETNAM",""
"Liên hệ & Hỗ trợ","index_menu_title","Tiêu đề menu trang chủ","text","Có","1,2",""
"Liên hệ & Hỗ trợ","hover","Màu hover chung","text","Có","#1F5A3B",""
"Liên hệ & Hỗ trợ","tag_qt_1","Tag quy cách 1","text","Có","quatang_",""
"Liên hệ & Hỗ trợ","contact_us_enable","Hiển thị nút?","checkbox","Có","true",""
"Liên hệ & Hỗ trợ","contact_us_color","Chọn màu chính cho nút hỗ trợ","color","Có","#3cb371","#bf1e2e"
"Liên hệ & Hỗ trợ","contact_zalo_enable","Dùng?","checkbox","Có","true",""
"Liên hệ & Hỗ trợ","contact_zalo","Nhập số tài khoản Zalo chat. Ví dụ: 0123 456 789","text","Có","0967194063",""
"Liên hệ & Hỗ trợ","contact_map_enable","Dùng?","checkbox","Có","false",""
"Liên hệ & Hỗ trợ","popup_banner_enable","Hiển thị","checkbox","Có","false",""
"Liên hệ & Hỗ trợ","popup_banner.jpg","Chọn ảnh","image","Chưa","",""
"Liên hệ & Hỗ trợ","popup_banner_width","Chiều rộng hình ảnh","text","Có","400","400"
"Liên hệ & Hỗ trợ","popup_banner_height","Chiều cao cao hình ảnh","text","Có","400","400"
"Liên hệ & Hỗ trợ","popup_banner_url","Liên kết ảnh","text","Có","https://pharmacosmetics-vn.com/","#"
"Liên hệ & Hỗ trợ","popup_banner_alt","Nhập ALT ảnh","text","Có","Chương trình khuyến mãi","Banner promotion"
"Liên hệ & Hỗ trợ","popup_banner_delay_time","Thời gian hiển thị sau khi load trang. Tính bằng mili giây. 1000 = 1 giây","text","Có","5000","5000"
"Liên hệ & Hỗ trợ","bg_dat_lich_tu_van.jpg","Ảnh nền","image","Chưa","",""
"Liên hệ & Hỗ trợ","btn_3_action","Hiển thị bộ nút?","checkbox","Chưa","","true"
"Liên hệ & Hỗ trợ","btnaction_1","Hiển thị bộ nút?","checkbox","Chưa","","true"
"Liên hệ & Hỗ trợ","btnaction_1_title","Tiêu đề","text","Chưa","","Gọi tư vấn ngay"
"Liên hệ & Hỗ trợ","btnaction_1_url","Đường dẫn","text","Có","0965594399","tel:18006750"
"Liên hệ & Hỗ trợ","btnaction_2","Hiển thị bộ nút?","checkbox","Chưa","","true"
"Liên hệ & Hỗ trợ","btnaction_2_title","Tiêu đề","text","Chưa","","Đặt lịch tư vấn"
"Liên hệ & Hỗ trợ","btnaction_2_url","Đường dẫn","text","Có","https://zalo.me/0965594399","/dat-lich-tu-van"
"Liên hệ & Hỗ trợ","btnaction_3","Hiển thị bộ nút?","checkbox","Chưa","","true"
"Liên hệ & Hỗ trợ","btnaction_3_title","Tiêu đề","text","Có","Tiếp thị liên kết ","Mua thuốc theo đơn"
"Liên hệ & Hỗ trợ","btnaction_3_url","Đường dẫn","text","Có","https://pharmacosmetics-vn.com/apps/affiliate-v2","/mua-thuoc-theo-don"
"Liên hệ & Hỗ trợ","title_dat_lich_tu_van","Tiêu đề trên banner","text","Có","Đặt lịch tư vấn sản phẩm","Đặt lịch tư vấn sức khỏe"
"Liên hệ & Hỗ trợ","title_dat_lich_form","Tiêu đề form","text","Chưa","","Thông tin khách hàng"
"Liên hệ & Hỗ trợ","content_dat_lich_form","Nội dung form","textarea","Có","Để lại thông tin để các tư vấn viên có thể liên hệ giúp bạn giải quyết vấn đề về sản phẩm và chăm sóc da","Để lại thông tin để các tư vấn viên có thể liên hệ giúp bạn giải quyết vấn đề sức khỏe"
"Liên hệ & Hỗ trợ","dat_lich_hotline","Số hotline đặt lịch","text","Có","0965594399","0965594399"
"Liên hệ & Hỗ trợ","list_room_booking","Danh sách chi nhánh","textarea","Có","Cơ sở Hoàng Mai (Số 44 Ngõ 897 Giải Phóng, Hoàng Mai, Hà Nội);","Chi nhánh Quận 11;Chi nhánh Bình Dương;Chi nhánh Quận 1;Chi nhánh Hà Nội;Chi nhánh Đà Nẵng"
"Liên hệ & Hỗ trợ","free_consultation_svc_handle","Handle sản phẩm ""Tư vấn miễn phí"" (Sapo)","text","Có","",""
"Liên hệ & Hỗ trợ","title_mua_theo_don","Tiêu đề trên banner","text","Chưa","","Mua thuốc theo đơn"
"Liên hệ & Hỗ trợ","khao_sat_form","Đường dẫn form app biểu mẫu form mua thuốc","textarea","Có","<div data-app=""bizweb_form"" data-form-id=""9247""></div>",""
"Liên hệ & Hỗ trợ","title_contact_2","Tiêu đề form liên hệ","text","Có","Liên hệ với chúng tôi",""
"Liên hệ & Hỗ trợ","footer_desc","Nội dung mô tả","textarea","Có","Bạn cần tư vấn sản phẩm và chăm sóc da, mua hoặc tìm hiểu thêm về sản phẩm? Đội ngũ chuyên gia tận tâm của <b>Pharma Cosmetics</b> luôn sẵn sàng hỗ trợ bạn!",""
"Liên hệ & Hỗ trợ","contact_button_stores_enable","Hiển thị nút hệ thống cửa hàng","checkbox","Có","false",""
"Liên hệ & Hỗ trợ","contact_button_stores_url","Nhập liên kết nút","text","Có","/he-thong-cua-hang","#"
"Liên hệ & Hỗ trợ","contactr_contact_maps","Iframe maps","textarea","Có","https://www.google.com/maps/embed?pb=!1m18!1m12!1m3!1d2795.115583718287!2d105.84066709528143!3d20.97930156055316!2m3!1f0!2f0!3f0!3m2!1i1024!2i768!4f13.1!3m3!1m2!1s0x3135ac449fd325f3%3A0x88be5085efc7b27c!2zNDQgTmcuIDg5NyDEkC4gR2nhuqNpIFBow7NuZywgR2nDoXAgTmjhu4ssIEhvw6BuZyBNYWksIEjDoCBO4buZaSAxMDAwMDAsIFZp4buHdCBOYW0!5e0!3m2!1svi!2s!4v1781881967182!5m2!1svi!2s"" width=""600"" height=""450"" style=""border:0;"" allowfullscreen="""" loading=""lazy"" referrerpolicy=""no-referrer-when-downgrade",""
"Liên hệ & Hỗ trợ","thong_ke_title","Tiêu đề","text","Chưa","","Tổng quan tiện ích"
"Liên hệ & Hỗ trợ","thong_ke1.png","Chọn ảnh","image","Chưa","",""
"Liên hệ & Hỗ trợ","thong_ke_num_1","Số liệu","text","Có","","12"
"Liên hệ & Hỗ trợ","thong_ke_title_1","Tiêu đề","text","Có","","Cửa hàng"
"Liên hệ & Hỗ trợ","thong_ke2.png","Chọn ảnh","image","Chưa","",""
"Liên hệ & Hỗ trợ","thong_ke_num_2","Số liệu","text","Có","5000+","200"
"Liên hệ & Hỗ trợ","thong_ke_title_2","Tiêu đề","text","Có","khách được phục vụ mỗi ngày","Nhân viên"
"Liên hệ & Hỗ trợ","thong_ke3.png","Chọn ảnh","image","Chưa","",""
"Liên hệ & Hỗ trợ","thong_ke_num_3","Số liệu","text","Có","6h30 - 21h30","5000"
"Liên hệ & Hỗ trợ","thong_ke_title_3","Tiêu đề","text","Có","(cả chủ nhật & ngày lễ)","Khách hàng"
"Liên hệ & Hỗ trợ","thong_ke4.png","Chọn ảnh","image","Chưa","",""
"Liên hệ & Hỗ trợ","thong_ke_num_4","Số liệu","text","Có","Chuyên gia","50"
"Liên hệ & Hỗ trợ","thong_ke_title_4","Tiêu đề","text","Có","Có chuyên môn tư vấn tận tình","Món ăn"
"Liên hệ & Hỗ trợ","thong_ke5.png","Chọn ảnh","image","Chưa","",""
"Liên hệ & Hỗ trợ","thong_ke_num_5","Số liệu","text","Có","100%","50"
"Liên hệ & Hỗ trợ","thong_ke_title_5","Tiêu đề","text","Có","Thuốc chính hãng, chất lượng","Món ăn"
"Liên hệ & Hỗ trợ","thong_ke6.png","Chọn ảnh","image","Chưa","",""
"Liên hệ & Hỗ trợ","thong_ke_num_6","Số liệu","text","Có","Nhân viên","50"
"Liên hệ & Hỗ trợ","thong_ke_title_6","Tiêu đề","text","Có","thân thiện, chu đáo, nhiệt tình","Món ăn"
"Liên hệ & Hỗ trợ","store_default_iframe","Nhập iframe hiển thị mặc định khi vào trang","textarea","Có","",""
"Liên hệ & Hỗ trợ","store_title_1_name","Tiêu đề","textarea","Có","","Hệ thống <span>8</span> Nhà Bean Pharmacity"
"Liên hệ & Hỗ trợ","store_title_2_name","Nội dung","textarea","Có","","Mở cửa <b>6h30 - 21h30</b> (cả chủ nhật và ngày lễ)"
"Liên hệ & Hỗ trợ","google","Link Google Spreed","textarea","Có","","https://docs.google.com/spreadsheets/d/e/2PACX-1vS1LoAHgEjaeeulTh0yiBZbhQMyp-kb_BxqFbnDVI7n22uMZGYpGs8gD2O6QcqP2B8YTUbCsOQbqQn8/pub?output=csv"
"Liên hệ & Hỗ trợ","province_default","Tỉnh thành mặc định","textarea","Có","","Hà Nội;Hồ Chí Minh;Đà Nẵng;Bình Dương;Cần Thơ"
"Liên hệ & Hỗ trợ","about_box_1_enb","Hiển thị khối?","checkbox","Có","false","true"
"Liên hệ & Hỗ trợ","about1_img.jpg","Ảnh nền","image","Chưa","",""
"Liên hệ & Hỗ trợ","about1_title","Tiêu đề","textarea","Có","Hệ thống gần <span style=""color:var(--subColor)"">8</span> nhà thuốc đạt chuẩn GPP trên toàn quốc",""
"Liên hệ & Hỗ trợ","about1_content","Nội dung","textarea","Có","Đội ngũ gần 100+ Chuyên gia, Bean Pharmacity mang đến dịch vụ chăm sóc sức khỏe tận tâm và trải nghiệm mua sắm tiện lợi cho mọi khách hàng.",""
"Liên hệ & Hỗ trợ","about1_btn","Tiêu đề nút","text","Có","Bắt đầu ngay bây giờ",""
"Liên hệ & Hỗ trợ","about1_url","Đường dẫn nút","text","Có","/collections/all",""
"Liên hệ & Hỗ trợ","about_box_2_enb","Hiển thị khối?","checkbox","Có","false","true"
"Liên hệ & Hỗ trợ","about2_title","Tiêu đề","text","Có","Tại sao chọn chúng tôi",""
"Liên hệ & Hỗ trợ","about2_icon_1.png","Icon","image","Chưa","",""
"Liên hệ & Hỗ trợ","about2_title_1","Tiêu đề","text","Có","E-Pharmacy",""
"Liên hệ & Hỗ trợ","about2_content_1","Nội dung","textarea","Có","Đặt mua thuốc và các sản phẩm sức khỏe trực tuyến tại nhà từ các hiệu thuốc được cấp phép",""
"Liên hệ & Hỗ trợ","about2_icon_2.png","Icon","image","Chưa","",""
"Liên hệ & Hỗ trợ","about2_title_2","Tiêu đề","text","Có","Tư vấn trực tuyến",""
"Liên hệ & Hỗ trợ","about2_content_2","Nội dung","textarea","Chưa","",""
"Liên hệ & Hỗ trợ","about2_icon_3.png","Icon","image","Chưa","",""
"Liên hệ & Hỗ trợ","about2_title_3","Tiêu đề","text","Có","Đăng ký xét nghiệm nhanh",""
"Liên hệ & Hỗ trợ","about2_content_3","Nội dung","textarea","Có","Dễ dàng đăng ký các gói xét nghiệm trực tuyến ngay tại nhà thuốc, kèm dịch vụ lấy mẫu tại nhà tiện lợi",""
"Liên hệ & Hỗ trợ","about2_icon_4.png","Icon","image","Chưa","",""
"Liên hệ & Hỗ trợ","about2_title_4","Tiêu đề","text","Có","Thông tin xác thực",""
"Liên hệ & Hỗ trợ","about2_content_4","Nội dung","textarea","Có","Đọc nội dung y học và sức khỏe được viết bởi các chuyên gia y tế có trình độ",""
"Liên hệ & Hỗ trợ","about_box_3_enb","Hiển thị khối?","checkbox","Có","false","true"
"Liên hệ & Hỗ trợ","about3_bg.jpg","Ảnh nền","image","Chưa","",""
"Liên hệ & Hỗ trợ","about3_img.jpg","Ảnh","image","Chưa","",""
"Liên hệ & Hỗ trợ","about3_content","Nội dung","textarea","Có","Bean Pharmacity cam kết cung cấp sản phẩm chính hãng, đa dạng từ thuốc cho các nhóm bệnh: Tiểu Đường, Huyết Áp, Mỡ Máu, Tiêu Hóa, Hô Hấp,… đến thực phẩm chức năng, sản phẩm chăm sóc sức khỏe, sắc đẹp, thiết bị y tế thuộc các thương hiệu hàng đầu thế giới như: Abbott, GSK, Sanofi, Astrazeneca, Pfizer, Mega Lifesciences, Goodlife, L’oreal, Durex,… và các thương hiệu uy tín tại Việt Nam như Dược Hậu Giang, Nam Hà,… Bên cạnh đó, chúng tôi luôn chú trọng bảo quản sản phẩm trong điều kiện tốt nhất, đảm bảo chất lượng đến tay người tiêu dùng.",""
"Liên hệ & Hỗ trợ","about_box_4_enb","Hiển thị khối?","checkbox","Có","false","true"
"Liên hệ & Hỗ trợ","about4_title","Tiêu đề","text","Có","Về chúng tôi",""
"Liên hệ & Hỗ trợ","about4_enb_1","Hiển thị?","checkbox","Có","false","true"
"Liên hệ & Hỗ trợ","about4_icon_1.jpg","Ảnh","image","Chưa","",""
"Liên hệ & Hỗ trợ","about4_title_1","Tiêu đề","text","Có","Ý tưởng",""
"Liên hệ & Hỗ trợ","about4_content_1","Nội dung","textarea","Có","Trong lĩnh vực chăm sóc sức khỏe, thông tin xung quanh các loại thuốc và xét nghiệm trong phòng thí nghiệm của chúng tôi hoặc không có sẵn hoặc không thể hiểu được đối với chúng tôi.<br>
Vì vậy, chúng tôi quyết định tạo ra một nền tảng đại diện cho thông tin minh bạch, xác thực và có thể truy cập được cho tất cả mọi người.<br>
Ý tưởng này đã phát triển thành một công ty và Bean Pharmacity được thành lập vào năm 2025.",""
"Liên hệ & Hỗ trợ","about4_enb_2","Hiển thị?","checkbox","Có","false","true"
"Liên hệ & Hỗ trợ","about4_icon_2.jpg","Ảnh","image","Chưa","",""
"Liên hệ & Hỗ trợ","about4_title_2","Tiêu đề","text","Có","What we offer",""
"Liên hệ & Hỗ trợ","about4_content_2","Nội dung","textarea","Có","Chúng tôi cung cấp thông tin chính xác, có thẩm quyền và đáng tin cậy về các loại thuốc và giúp mọi người sử dụng thuốc một cách hiệu quả và an toàn.
								<br>
								Chúng tôi nhận thuốc và các sản phẩm sức khỏe khác được giao tận nhà ở hơn 1000 thành phố trên khắp Việt Nam từ các hiệu thuốc được cấp phép và xác minh.
								<br>
								Chúng tôi cũng cung cấp dịch vụ chẩn đoán từ các phòng thí nghiệm được chứng nhận và tư vấn chuyên gia trực tuyến bất cứ lúc nào, từ bất cứ đâu.",""
"Liên hệ & Hỗ trợ","about4_enb_3","Hiển thị?","checkbox","Chưa","","true"
"Liên hệ & Hỗ trợ","about4_icon_3.jpg","Ảnh","image","Chưa","",""
"Liên hệ & Hỗ trợ","about4_title_3","Tiêu đề","text","Có","Hành trình cho đến nay",""
"Liên hệ & Hỗ trợ","about4_content_3","Nội dung","textarea","Có","Chúng tôi đã giúp hàng triệu người có thể tiếp cận dịch vụ chăm sóc sức khỏe bằng cách cung cấp cho họ dịch vụ chăm sóc chất lượng với giá cả phải chăng.
								<br>
								Chúng tôi tiếp tục mở rộng nội dung y tế phong phú và sâu rộng của mình và đang nỗ lực cung cấp thông tin này bằng nhiều ngôn ngữ địa phương.",""
"Liên hệ & Hỗ trợ","about_box_5_enb","Hiển thị khối?","checkbox","Chưa","","true"
"Liên hệ & Hỗ trợ","about5_title","Tiêu đề","text","Có","Đội ngũ chuyên môn",""
"Liên hệ & Hỗ trợ","about5_content","Nội dung","textarea","Có","Đội ngũ chuyên gia giàu kinh nghiệm có thâm niên trong ngành, được tu nghiệp cả trong và ngoài nước.",""
"Liên hệ & Hỗ trợ","about5_blog","Danh mục blog","blog","Có","doi-ngu-duoc-si",""
"Liên hệ & Hỗ trợ","about5_limit","Giới hạn","text","Có","4",""
"Trang Về chúng tôi","about_hero_bg_img","Ảnh nền Hero","image","Chưa","",""
"Trang Về chúng tôi","about_hero_badge","Badge nhỏ","text","Có","Từ Pharma Cosmetics đến SKIN HEALTH BEAUTY","Từ Pharma Cosmetics đến SKIN HEALTH BEAUTY"
"Trang Về chúng tôi","about_hero_title","Tiêu đề Hero (H1)","text","Có","10 năm đồng hành — Da khoẻ từ gốc","Hơn Một Thập Kỷ Kiến Tạo Vẻ Đẹp Từ Nền Tảng Khoa Học"
"Trang Về chúng tôi","about_hero_desc","Mô tả Hero","textarea","Có","400+ thương hiệu nhập khẩu chính ngạch. Phòng trị liệu da ngay tại cửa hàng.","Hơn 400 thương hiệu dược mỹ phẩm nhập khẩu chính ngạch — kết hợp hoàn hảo cùng Phòng trị liệu da SKIN HEALTH BEAUTY, tạo nên hệ sinh thái chăm sóc da toàn diện và chặt chẽ nhất."
"Trang Về chúng tôi","about_hero_btn1_text","Nút CTA 1 — Văn bản","text","Có","Đặt lịch tư vấn & soi da miễn phí","Đặt lịch tư vấn & soi da miễn phí"
"Trang Về chúng tôi","about_hero_btn1_url","Nút CTA 1 — Link","text","Có","https://zalo.me/0967194063","/dat-lich-tu-van"
"Trang Về chúng tôi","about_hero_btn2_text","Nút CTA 2 — Văn bản","text","Có","",""
"Trang Về chúng tôi","about_hero_btn2_url","Nút CTA 2 — Link","text","Có","",""
"Trang Về chúng tôi","about_stat_1_target","Số 1 — Giá trị","text","Có","10","10"
"Trang Về chúng tôi","about_stat_1_suffix","Số 1 — Suffix","text","Có","'+","'+"
"Trang Về chúng tôi","about_stat_1_label","Số 1 — Nhãn","text","Có","năm kinh nghiệm","Năm Kinh nghiệm"
"Trang Về chúng tôi","about_stat_2_target","Số 2 — Giá trị","text","Có","400","400"
"Trang Về chúng tôi","about_stat_2_suffix","Số 2 — Suffix","text","Có","'+","'+"
"Trang Về chúng tôi","about_stat_2_label","Số 2 — Nhãn","text","Có","thương hiệu toàn cầu","Thương hiệu Toàn cầu"
"Trang Về chúng tôi","about_stat_3_target","Số 3 — Giá trị","text","Có","100","100"
"Trang Về chúng tôi","about_stat_3_suffix","Số 3 — Suffix","text","Có","%","%"
"Trang Về chúng tôi","about_stat_3_label","Số 3 — Nhãn","text","Có","nhập khẩu chính ngạch","Nhập khẩu Chính ngạch"
"Trang Về chúng tôi","about_stat_4_target","Số 4 — Giá trị","text","Có","1","1"
"Trang Về chúng tôi","about_stat_4_suffix","Số 4 — Suffix","text","Có",":1",":1"
"Trang Về chúng tôi","about_stat_4_label","Số 4 — Nhãn","text","Có","tư vấn mỗi khách","Tư vấn Cá nhân hóa"
"Trang Về chúng tôi","about_story_img","Ảnh câu chuyện","image","Chưa","",""
"Trang Về chúng tôi","about_story_title","Tiêu đề","text","Có","Hoàn Thiện Hành Trình Chăm Sóc Da Khoa Học Của Bạn","Hoàn Thiện Hành Trình Chăm Sóc Da Khoa Học Của Bạn"
"Trang Về chúng tôi","about_story_body_1","Đoạn văn 1","textarea","Có","Pharma Cosmetics tự hào không chỉ là nền tảng thương mại điện tử uy tín, chuyên cung cấp các sản phẩm dược mỹ phẩm và thực phẩm chức năng nhập khẩu chính ngạch từ hơn 400 thương hiệu toàn cầu, mà còn là người đồng hành tận tâm trên hành trình chăm sóc da của bạn.","Pharma Cosmetics tự hào không chỉ là nền tảng thương mại điện tử uy tín, chuyên cung cấp các sản phẩm dược mỹ phẩm và thực phẩm chức năng nhập khẩu chính ngạch từ hơn 400 thương hiệu toàn cầu, mà còn là người đồng hành tận tâm trên hành trình chăm sóc da của bạn."
"Trang Về chúng tôi","about_story_body_2","Đoạn văn 2","textarea","Có","Tiếp nối hành trình đó, Phòng trị liệu da SKIN HEALTH BEAUTY ra đời mảnh ghép hoàn hảo, nơi mọi kiến thức và sản phẩm được hiện thực hóa thành liệu trình điều trị cá nhân hóa, bài bản và hiệu quả.","Tiếp nối hành trình đó, Phòng trị liệu da SKIN HEALTH BEAUTY ra đời — mảnh ghép hoàn hảo, nơi mọi kiến thức và sản phẩm được hiện thực hóa thành liệu trình điều trị cá nhân hóa, bài bản và hiệu quả."
"Trang Về chúng tôi","about_story_blockquote","Trích dẫn (quote)","textarea","Có","Sự kết hợp giữa Pharma Cosmetics và SKIN HEALTH BEAUTY tạo ra một hệ sinh thái chăm sóc da toàn diện từ sản phẩm chính hãng đến liệu trình điều trị chuyên sâu.","Sự kết hợp giữa Pharma Cosmetics và SKIN HEALTH BEAUTY tạo ra một hệ sinh thái chăm sóc da toàn diện — từ sản phẩm chính hãng đến liệu trình điều trị chuyên sâu."
"Trang Về chúng tôi","about_story_cite","Nguồn trích dẫn","text","Có","Pharma Cosmetics & SKIN HEALTH BEAUTY","Pharma Cosmetics & SKIN HEALTH BEAUTY"
"Trang Về chúng tôi","about_mission_eyebrow","Eyebrow nhỏ","text","Có","Hệ sinh thái chăm sóc da","Hệ sinh thái chăm sóc da"
"Trang Về chúng tôi","about_mission_title","Tiêu đề section","text","Có","Pharma Cosmetics & SKIN HEALTH BEAUTY","Pharma Cosmetics & SKIN HEALTH BEAUTY"
"Trang Về chúng tôi","about_mission_card1_title","Card Pharma — Tiêu đề","text","Có","Pharma Cosmetics - Mua sắm thông minh","Pharma Cosmetics — Mua sắm thông minh"
"Trang Về chúng tôi","about_mission_card1_desc","Card Pharma — Mô tả","textarea","Có","400+ thương hiệu dược mỹ phẩm nhập khẩu chính ngạch. Tư vấn sản phẩm theo tình trạng da và mục tiêu điều trị.","400+ thương hiệu dược mỹ phẩm nhập khẩu chính ngạch. Tư vấn sản phẩm theo tình trạng da và mục tiêu điều trị."
"Trang Về chúng tôi","about_mission_card2_title","Card SHB — Tiêu đề","text","Có","SKIN HEALTH BEAUTY — Trị liệu chuyên sâu","SKIN HEALTH BEAUTY — Trị liệu chuyên sâu"
"Trang Về chúng tôi","about_mission_card2_desc","Card SHB — Mô tả","textarea","Có","Liệu trình điều trị da cá nhân hóa 1:1. Chỉ dùng sản phẩm chính hãng từ Pharma Cosmetics, đảm bảo an toàn và hiệu quả tối ưu.","Liệu trình điều trị da cá nhân hóa 1:1. Chỉ dùng sản phẩm chính hãng từ Pharma Cosmetics — đảm bảo an toàn và hiệu quả tối ưu."
"Trang Về chúng tôi","about_pillar_1_title","Pillar 1 — Tiêu đề","text","Có","Chăm sóc tại nhà","Chăm sóc tại nhà"
"Trang Về chúng tôi","about_pillar_1_body","Pillar 1 — Mô tả","textarea","Có","Sản phẩm dược mỹ phẩm chính hãng được chuyên gia tư vấn lựa chọn phù hợp với từng làn da.","Sản phẩm dược mỹ phẩm chính hãng được chuyên gia tư vấn lựa chọn phù hợp với từng làn da."
"Trang Về chúng tôi","about_pillar_2_title","Pillar 2 — Tiêu đề","text","Có","Liệu trình chuyên sâu","Liệu trình chuyên sâu"
"Trang Về chúng tôi","about_pillar_2_body","Pillar 2 — Mô tả","textarea","Có","Điều trị tại phòng trị liệu SKIN HEALTH BEAUTY với phác đồ cá nhân hóa 1:1 bởi chuyên gia.","Điều trị tại phòng trị liệu SKIN HEALTH BEAUTY với phác đồ cá nhân hóa 1:1 bởi chuyên gia."
"Trang Về chúng tôi","about_pillar_3_title","Pillar 3 — Tiêu đề","text","Có","Kết quả bền vững","Kết quả bền vững"
"Trang Về chúng tôi","about_pillar_3_body","Pillar 3 — Mô tả","textarea","Có","Sự kết hợp hoàn hảo giữa sản phẩm đúng và liệu trình đúng tạo nền tảng da khỏe lâu dài.","Sự kết hợp hoàn hảo giữa sản phẩm đúng và liệu trình đúng — tạo nền tảng da khỏe lâu dài."
"Trang Về chúng tôi","about_method_eyebrow","Eyebrow nhỏ","text","Có","Hành trình cùng bạn","Hành trình cùng bạn"
"Trang Về chúng tôi","about_method_title","Tiêu đề section","text","Có","Từ Mua sắm đến Điều trị — Hệ sinh thái hoàn chỉnh","Từ Mua sắm đến Điều trị — Hệ sinh thái hoàn chỉnh"
"Trang Về chúng tôi","about_method_cert_text","Nhãn chứng nhận","text","Có","Tư vấn & soi da miễn phí tại Hà Nội — đặt lịch ngay hôm nay","Tư vấn & soi da miễn phí tại Hà Nội — đặt lịch ngay hôm nay"
"Trang Về chúng tôi","about_method_cert_url","Link nhãn chứng nhận","text","Có","/dat-lich-tu-van","/dat-lich-tu-van"
"Trang Về chúng tôi","about_step_1_title","Bước 1 — Tiêu đề","text","Có","Mua sắm đúng sản phẩm","Mua sắm đúng sản phẩm"
"Trang Về chúng tôi","about_step_1_body","Bước 1 — Mô tả","textarea","Có","400+ thương hiệu dược mỹ phẩm nhập khẩu chính ngạch, được chuyên gia tư vấn lựa chọn phù hợp với tình trạng da và mục tiêu điều trị của riêng bạn.","400+ thương hiệu dược mỹ phẩm nhập khẩu chính ngạch — được chuyên gia tư vấn lựa chọn phù hợp với tình trạng da và mục tiêu điều trị của riêng bạn."
"Trang Về chúng tôi","about_step_2_title","Bước 2 — Tiêu đề","text","Có","Điều trị tại phòng trị liệu","Điều trị tại phòng trị liệu"
"Trang Về chúng tôi","about_step_2_body","Bước 2 — Mô tả","textarea","Có","SKIN HEALTH BEAUTY cung cấp liệu trình chuyên sâu, cá nhân hóa 1:1, chỉ sử dụng sản phẩm dược mỹ phẩm chính hãng đã kiểm định, đảm bảo an toàn và hiệu quả tối ưu.","SKIN HEALTH BEAUTY cung cấp liệu trình chuyên sâu, cá nhân hóa 1:1, chỉ sử dụng sản phẩm dược mỹ phẩm chính hãng đã kiểm định — đảm bảo an toàn và hiệu quả tối ưu."
"Trang Về chúng tôi","about_step_3_title","Bước 3 — Tiêu đề","text","Có","Duy trì kết quả tại nhà","Duy trì kết quả tại nhà"
"Trang Về chúng tôi","about_step_3_body","Bước 3 — Mô tả","textarea","Có","Chuyên gia xây dựng routine skincare cá nhân hóa để duy trì và tăng cường hiệu quả sau liệu trình, tạo vòng lặp chăm sóc da bền vững, không đứt đoạn.","Chuyên gia xây dựng routine skincare cá nhân hóa để duy trì và tăng cường hiệu quả sau liệu trình — tạo vòng lặp chăm sóc da bền vững, không đứt đoạn."
"Trang Về chúng tôi","about_team_eyebrow","Eyebrow nhỏ","text","Có","Đội ngũ SKIN HEALTH BEAUTY","Đội ngũ SKIN HEALTH BEAUTY"
"Trang Về chúng tôi","about_team_title","Tiêu đề section","text","Có","Chuyên gia tận tâm, Đồng hành cùng làn da của bạn","Chuyên gia tận tâm — Đồng hành cùng làn da của bạn"
"Trang Về chúng tôi","about_team_subtitle","Phụ đề","text","Có","Mỗi chuyên gia tại SKIN HEALTH BEAUTY đều được đào tạo bài bản, cam kết tư vấn và điều trị cá nhân hóa 1:1 cho từng khách hàng.","Mỗi chuyên gia tại SKIN HEALTH BEAUTY đều được đào tạo bài bản, cam kết tư vấn và điều trị cá nhân hóa 1:1 cho từng khách hàng."
"Trang Về chúng tôi","about_expert_1_img","Chuyên gia 1 — Ảnh","image","Chưa","",""
"Trang Về chúng tôi","about_expert_1_name","Chuyên gia 1 — Tên","text","Có","Chuyên gia Nguyễn Phương Anh","Chuyên gia Nguyễn Phương Anh"
"Trang Về chúng tôi","about_expert_1_role","Chuyên gia 1 — Chức danh","text","Có","Giám đốc Chuyên môn","Giám đốc Chuyên môn"
"Trang Về chúng tôi","about_expert_1_desc","Chuyên gia 1 — Mô tả","textarea","Có","Hơn 10 năm kinh nghiệm tư vấn và điều trị da liễu, chuyên sâu về liệu trình điều trị nám và lão hóa da.","Hơn 10 năm kinh nghiệm tư vấn và điều trị da liễu — chuyên sâu về liệu trình điều trị nám và lão hóa da."
"Trang Về chúng tôi","about_expert_2_img","Chuyên gia 2 — Ảnh","image","Chưa","",""
"Trang Về chúng tôi","about_expert_2_name","Chuyên gia 2 — Tên","text","Có","Chuyên gia Trần Minh Châu","Chuyên gia Trần Minh Châu"
"Trang Về chúng tôi","about_expert_2_role","Chuyên gia 2 — Chức danh","text","Có","Chuyên gia Điều trị Da","Chuyên gia Điều trị Da"
"Trang Về chúng tôi","about_expert_2_desc","Chuyên gia 2 — Mô tả","textarea","Có","Chuyên sâu về liệu trình điều trị mụn và sẹo, xây dựng phác đồ cá nhân hóa theo từng tình trạng da.","Chuyên sâu về liệu trình điều trị mụn và sẹo — xây dựng phác đồ cá nhân hóa theo từng tình trạng da."
"Trang Về chúng tôi","about_expert_3_img","Chuyên gia 3 — Ảnh","image","Chưa","",""
"Trang Về chúng tôi","about_expert_3_name","Chuyên gia 3 — Tên","text","Có","Chuyên gia Lê Thu Trang","Chuyên gia Lê Thu Trang"
"Trang Về chúng tôi","about_expert_3_role","Chuyên gia 3 — Chức danh","text","Có","Chuyên gia Tư vấn & Soi Da","Chuyên gia Tư vấn & Soi Da"
"Trang Về chúng tôi","about_expert_3_desc","Chuyên gia 3 — Mô tả","textarea","Có","Tư vấn xây dựng routine skincare cá nhân hóa từ hơn 400 thương hiệu dược mỹ phẩm chính hãng.","Tư vấn xây dựng routine skincare cá nhân hóa từ hơn 400 thương hiệu dược mỹ phẩm chính hãng."
"Trang Về chúng tôi","about_expert_4_img","Chuyên gia 4 — Ảnh","image","Chưa","",""
"Trang Về chúng tôi","about_expert_4_name","Chuyên gia 4 — Tên","text","Có","Chuyên gia Vũ Hà Phương","Chuyên gia Vũ Hà Phương"
"Trang Về chúng tôi","about_expert_4_role","Chuyên gia 4 — Chức danh","text","Có","Chuyên gia Thẩm mỹ Lâm sàng","Chuyên gia Thẩm mỹ Lâm sàng"
"Trang Về chúng tôi","about_expert_4_desc","Chuyên gia 4 — Mô tả","textarea","Có","Ứng dụng công nghệ điều trị hiện đại trong liệu trình tái tạo da và cải thiện kết cấu da.","Ứng dụng công nghệ điều trị hiện đại trong liệu trình tái tạo da và cải thiện kết cấu da."
"Trang Về chúng tôi","about_lab_bg_img","Ảnh nền Lab","image","Chưa","",""
"Trang Về chúng tôi","about_lab_title","Tiêu đề","text","Có","Phòng trị liệu SKIN HEALTH BEAUTY","Phòng trị liệu SKIN HEALTH BEAUTY"
"Trang Về chúng tôi","about_lab_body","Mô tả","textarea","Có","Tại Hà Nội, chúng tôi cung cấp dịch vụ tư vấn và soi da miễn phí, bước đầu tiên để hiểu đúng tình trạng da và xây dựng phác đồ điều trị phù hợp nhất. Chỉ sử dụng sản phẩm dược mỹ phẩm chính hãng từ hơn 400 thương hiệu toàn cầu, đảm bảo an toàn và hiệu quả tối ưu.","Tại Hà Nội, chúng tôi cung cấp dịch vụ tư vấn và soi da miễn phí — bước đầu tiên để hiểu đúng tình trạng da và xây dựng phác đồ điều trị phù hợp nhất. Chỉ sử dụng sản phẩm dược mỹ phẩm chính hãng từ hơn 400 thương hiệu toàn cầu — đảm bảo an toàn và hiệu quả tối ưu."
"Trang Về chúng tôi","about_lab_badge_1","Badge 1","text","Có","Tư vấn 1:1 cá nhân hóa","Tư vấn 1:1 cá nhân hóa"
"Trang Về chúng tôi","about_lab_badge_2","Badge 2","text","Có","Soi da miễn phí","Soi da miễn phí"
"Trang Về chúng tôi","about_lab_badge_3","Badge 3","text","Có","Sản phẩm chính hãng 100%","Sản phẩm chính hãng 100%"
"Trang Về chúng tôi","about_lab_badge_4","Badge 4","text","Có","Liệu trình chuẩn khoa học","Liệu trình chuẩn khoa học"
"Trang Về chúng tôi","about_ing_eyebrow","Eyebrow nhỏ","text","Có","400+ thương hiệu toàn cầu","400+ thương hiệu toàn cầu"
"Trang Về chúng tôi","about_ing_title","Tiêu đề","text","Có","Hoạt chất kiểm chứng lâm sàng — Nguồn gốc chính ngạch","Hoạt chất kiểm chứng lâm sàng — Nguồn gốc chính ngạch"
"Trang Về chúng tôi","about_ing_menu","Menu hoạt chất","link_list","Có","mua-sam-theo-thanh-phan",""
"Trang Về chúng tôi","about_cta_title","Tiêu đề CTA","text","Có","Sẵn sàng cho một làn da mới?","Sẵn sàng cho một làn da mới?"
"Trang Về chúng tôi","about_cta_body","Mô tả CTA","textarea","Có","Hãy đặt lịch tư vấn và soi da miễn phí tại Hà Nội ngay hôm nay.","Hãy đặt lịch tư vấn và soi da miễn phí tại Hà Nội ngay hôm nay."
"Trang Về chúng tôi","about_cta_btn1_text","Nút chính — Văn bản","text","Có","NHẤN VÀO ĐÂY ĐỂ CHAT VỚI CHUYÊN GIA","NHẤN VÀO ĐÂY ĐỂ CHAT VỚI CHUYÊN GIA"
"Trang Về chúng tôi","about_cta_btn1_url","Nút chính — Link","text","Có","https://zalo.me/0967194063","/dat-lich-tu-van"
"Trang Về chúng tôi","about_cta_btn2_text","Nút phụ — Văn bản","text","Có","Khám phá sản phẩm","Khám phá sản phẩm"
"Trang Về chúng tôi","about_cta_btn2_url","Nút phụ — Link","text","Có","/collections/all","/collections/all"
"Trang Về chúng tôi","about_contact_eyebrow","Nhãn nhỏ trên tiêu đề","text","Có","Liên hệ với chúng tôi","Liên hệ với chúng tôi"
"Trang Về chúng tôi","about_contact_title","Tiêu đề section","text","Có","Chúng tôi luôn sẵn sàng hỗ trợ bạn","Chúng tôi luôn sẵn sàng hỗ trợ bạn"
"Trang Về chúng tôi","about_contact_form_title","Tiêu đề form","text","Có","Gửi tin nhắn cho chúng tôi","Gửi tin nhắn cho chúng tôi"
"Trang Về chúng tôi","about_contact_btn_text","Nút gửi — Văn bản","text","Có","Gửi tin nhắn","Gửi tin nhắn"
"Trang Về chúng tôi","about_contact_address","Địa chỉ văn phòng","text","Có","Phòng trị liệu da chuyên nghiệp 1:1 (Skin Health Beauty) Địa chỉ: Số 44 Ngõ 897 Giải Phóng, Hoàng Mai, Hà Nội","235 Hoàng Quốc Việt, Nghĩa Đô, Hà Nội"
"Trang Về chúng tôi","about_contact_phone","Số điện thoại","text","Có","0967194063","0934 567 243"
"Trang Về chúng tôi","about_contact_email","Email liên hệ","text","Có","support@pharmacosmetics-vn.com","metatwinvn@gmail.com"
"Trang Về chúng tôi","about_contact_hours","Giờ làm việc","text","Có","6h30 - 21h30 (cả chủ nhật & ngày lễ)","Thứ 2 - Thứ 6: 8:00 - 17:30"
"Trang Thành phần hoạt tính","ing_concern_menu","Menu tình trạng da","link_list","Có","tinh-trang-lan-da",""
"Trang Thành phần hoạt tính","ing_ingredient_menu","Menu thành phần (linklist)","link_list","Có","thanh-phan-hoat-chat",""
"Trang Thành phần hoạt tính","ing_page_limit","Số SP mỗi nhóm","select","Có","6","8"
"Trang Thành phần hoạt tính","ing_page_viewall_enable","Hiển thị nút Xem tất cả","checkbox","Chưa","","true"
"Trang Thành phần hoạt tính","ing_page_collections","Danh sách nhóm thành phần","text","Chưa","",""
"Trang Thành phần hoạt tính","ing_page_col_1_enable","Bật nhóm 1","checkbox","Chưa","","false"
"Trang Thành phần hoạt tính","ing_page_col_1","Collection nhóm 1","collection","Chưa","",""
"Trang Thành phần hoạt tính","ing_page_col_2_enable","Bật nhóm 2","checkbox","Chưa","","false"
"Trang Thành phần hoạt tính","ing_page_col_2","Collection nhóm 2","collection","Chưa","",""
"Trang Thành phần hoạt tính","ing_page_col_3_enable","Bật nhóm 3","checkbox","Chưa","","false"
"Trang Thành phần hoạt tính","ing_page_col_3","Collection nhóm 3","collection","Chưa","",""
"Trang Thành phần hoạt tính","ing_page_col_4_enable","Bật nhóm 4","checkbox","Chưa","","false"
"Trang Thành phần hoạt tính","ing_page_col_4","Collection nhóm 4","collection","Chưa","",""
"Trang Thành phần hoạt tính","ing_page_col_5_enable","Bật nhóm 5","checkbox","Chưa","","false"
"Trang Thành phần hoạt tính","ing_page_col_5","Collection nhóm 5","collection","Chưa","",""
"Trang Thành phần hoạt tính","ing_page_col_6_enable","Bật nhóm 6","checkbox","Chưa","","false"
"Trang Thành phần hoạt tính","ing_page_col_6","Collection nhóm 6","collection","Chưa","",""
"Trang Thành phần hoạt tính","ing_page_col_7_enable","Bật nhóm 7","checkbox","Chưa","","false"
"Trang Thành phần hoạt tính","ing_page_col_7","Collection nhóm 7","collection","Chưa","",""
"Trang Thành phần hoạt tính","ing_page_col_8_enable","Bật nhóm 8","checkbox","Chưa","","false"
"Trang Thành phần hoạt tính","ing_page_col_8","Collection nhóm 8","collection","Chưa","",""
"Skin Healthy — Cấu hình Theme","skinhealthy_brand_name","Tên thương hiệu","text","Có","Skin Health Beauty by Pharma Cosmetics","Skin Health Beauty by Pharma Cosmetics"
"Skin Healthy — Cấu hình Theme","skinhealthy_logo","Logo thương hiệu","image","Có","https://bizweb.dktcdn.net/100/415/053/theme_temp/1137559/assets/screenshot-2026-06-20-105458-233ab50d-53fe-466e-bcad-020ead056219.png?1781940387195",""
"Skin Healthy — Cấu hình Theme","skinhealthy_main_color","Màu chủ đạo (Peach accent)","color","Có","#D79A7D","#D79A7D"
"Skin Healthy — Cấu hình Theme","skinhealthy_accent_color","Màu nhấn (Ink)","color","Có","#13241F","#13241F"
"Skin Healthy — Cấu hình Theme","skinhealthy_bg_color","Màu nền trang (Ivory)","color","Có","#F8FAF7","#F8FAF7"
"Skin Healthy — Cấu hình Theme","skinhealthy_favicon","Favicon trình duyệt","image","Có","https://bizweb.dktcdn.net/100/415/053/theme_temp/1137559/assets/screenshot-2026-06-20-105458-79e35255-db9a-4f5c-be35-22aa870fd054.png?1781940387195",""
"Skin Healthy — Cấu hình Theme","skinhealthy_home_page","Trang chủ Skin Healthy","page","Có","skin-health-beauty",""
"Skin Healthy — Cấu hình Theme","skinhealthy_services_page","Trang danh sách dịch vụ","page","Có","",""
"Skin Healthy — Cấu hình Theme","skinhealthy_booking_page","Trang đặt lịch / MOPS","page","Có","dat-lich-tu-van",""
"Skin Healthy — Cấu hình Theme","skinhealthy_detail_url","Prefix URL trang chi tiết dịch vụ","text","Có","/skin-health-beauty-chi-tiet",""
"Skin Healthy — Cấu hình Theme","skinhealthy_services_url","URL dịch vụ (fallback thủ công)","text","Có","/dich-vu-skin-healthy-beauty",""
"Skin Healthy — Cấu hình Theme","skinhealthy_announce","Thông báo (announcement bar)","text","Có","Soi da miễn phí, đặt lịch ngay hôm nay",""
"Skin Healthy — Cấu hình Theme","skinhealthy_logo_height_desktop","Chiều cao logo PC (px)","text","Có","56","56"
"Skin Healthy — Cấu hình Theme","skinhealthy_logo_height_mobile","Chiều cao logo Mobile (px)","text","Có","36","36"
"Skin Healthy — Cấu hình Theme","skinhealthy_drawer_blur","Hiệu ứng blur nền drawer menu","checkbox","Có","true","true"
"Skin Healthy — Cấu hình Theme","skinhealthy_location_icon","Icon vị trí (header)","image","Chưa","",""
"Skin Healthy — Cấu hình Theme","skinhealthy_nav_menu","Menu trái (header + drawer)","link_list","Có","skinhealthy-nav",""
"Skin Healthy — Cấu hình Theme","skinhealthy_nav_right_menu","Menu phải (header)","link_list","Có","skinhealthy-nav-right",""
"Skin Healthy — Cấu hình Theme","skinhealthy_hero_img","Ảnh nền Hero","image","Có","https://bizweb.dktcdn.net/100/415/053/theme_temp/1137603/assets/653708790-1341011768050839-5806515259239404113-n-c53165d7-1aa8-4d46-87dc-dc3123bf7cd5.jpg?1781968507958",""
"Skin Healthy — Cấu hình Theme","skinhealthy_hero_eyebrow","Eyebrow (dòng nhỏ trên tiêu đề)","text","Có","Skin Health Beauty by Pharma Cosmetics","Skin Healthy"
"Skin Healthy — Cấu hình Theme","skinhealthy_hero_title","Tiêu đề chính H1","text","Có","Khoa Học Vì Làn Da","Khoa Học Vì Làn Da"
"Skin Healthy — Cấu hình Theme","skinhealthy_hero_cta_text","Nút CTA — nội dung","text","Có","Khám phá ngay","Khám phá ngay"
"Skin Healthy — Cấu hình Theme","skinhealthy_hero_cta_url","Nút CTA — đường dẫn","text","Có","/dat-lich-tu-van",""
"Skin Healthy — Cấu hình Theme","skinhealthy_hero_sub","Phụ đề Hero","textarea","Có","Khoa học vì làn da — Kết quả bền vững từ phác đồ cá nhân hóa tuyệt đối.","Khoa học vì làn da — Kết quả bền vững từ phác đồ cá nhân hóa tuyệt đối."
"Skin Healthy — Cấu hình Theme","skinhealthy_concern_menu","Menu nhu cầu da","link_list","Có","tinh-trang-lan-da",""
"Skin Healthy — Cấu hình Theme","skinhealthy_cat_menu","Menu danh mục","link_list","Có","thanh-phan-hoat-chat",""
"Skin Healthy — Cấu hình Theme","skinhealthy_programs_menu","Menu liệu trình","link_list","Có","dieu-tri-chuyen-nghiep",""
"Skin Healthy — Cấu hình Theme","skinhealthy_programs_url","Link trang liệu trình","text","Có","/dat-lich-tu-van",""
"Skin Healthy — Cấu hình Theme","skinhealthy_edit_img","Ảnh phòng khám 1","image","Có","https://bizweb.dktcdn.net/100/415/053/theme_temp/1137603/assets/2aoboqetkopezhivsoswljhbexohzl3qg5hyo2kg-1-f6863fe5-218d-4649-9936-958c213dc7f1.jpg?1781968789455",""
"Skin Healthy — Cấu hình Theme","skinhealthy_edit_img_2","Ảnh phòng khám 2","image","Có","https://bizweb.dktcdn.net/100/415/053/theme_temp/1137603/assets/2aoboqetkpddekyixy7lpni6hzegwue4iwh8t1qi-1-a1382217-f576-4050-bcfb-1abf63b42b07.jpg?1781968789455",""
"Skin Healthy — Cấu hình Theme","skinhealthy_edit_img_3","Ảnh phòng khám 3","image","Có","https://bizweb.dktcdn.net/100/415/053/theme_temp/1137603/assets/2aoboqetkpk5ppgeegxkw8mryubmpvytmejgtxtm-1-15de1449-044f-4b1b-9c35-aed079c18235.jpg?1781968789455",""
"Skin Healthy — Cấu hình Theme","skinhealthy_edit_img_4","Ảnh phòng khám 4","image","Có","https://bizweb.dktcdn.net/100/415/053/theme_temp/1137603/assets/2aoboqetkp241xcttigznwow52jcnblp9vheqyic-fcfc9afc-9529-413c-85ac-fe82e21daad9.jpg?1781968789455",""
"Skin Healthy — Cấu hình Theme","skinhealthy_edit_img_5","Ảnh phòng khám 5","image","Có","https://bizweb.dktcdn.net/100/415/053/theme_temp/1137603/assets/2aoboqetkpxxneefsukr3kjkx1aaqbadod6z6xks-da4626be-104e-4bf7-8ac0-9b7abc2f8ce0.jpg?1781968789455",""
"Skin Healthy — Cấu hình Theme","skinhealthy_edit_eyebrow","Eyebrow","text","Có","Phương pháp khoa học","Phương pháp khoa học"
"Skin Healthy — Cấu hình Theme","skinhealthy_edit_title","Tiêu đề","text","Có","Chẩn đoán da<br><em>cá nhân hóa</em>","Chẩn đoán da<br><em>cá nhân hóa</em>"
"Skin Healthy — Cấu hình Theme","skinhealthy_edit_desc","Mô tả","textarea","Có","Mỗi làn da là duy nhất. Chúng tôi xây dựng routine chính xác dựa trên trạng thái da thực tế của bạn. Không phải xu hướng.","Mỗi làn da là duy nhất. Chúng tôi xây dựng routine chính xác dựa trên trạng thái da thực tế của bạn — không phải xu hướng."
"Skin Healthy — Cấu hình Theme","skinhealthy_edit_cta_text","Nút CTA — nội dung","text","Có","Đặt lịch tư vấn","Đặt lịch tư vấn"
"Skin Healthy — Cấu hình Theme","skinhealthy_edit_cta_url","Nút CTA — đường dẫn","text","Có","/dat-lich-tu-van",""
"Skin Healthy — Cấu hình Theme","skinhealthy_clinic_video_id","Video Guided Tour (YouTube ID)","text","Chưa","",""
"Skin Healthy — Cấu hình Theme","skinhealthy_clinic_video_label","Nhãn nút xem video","text","Chưa","","Xem video giới thiệu không gian trị liệu"
"Skin Healthy — Cấu hình Theme","skinhealthy_clinic_diag_title","Tab Chẩn đoán — tiêu đề","text","Có","Phòng Chẩn Đoán 1:1","Phòng Chẩn Đoán 1:1"
"Skin Healthy — Cấu hình Theme","skinhealthy_clinic_diag_desc","Tab Chẩn đoán — mô tả","textarea","Có","Không gian tư vấn độc quyền — chỉ bạn và chuyên gia. Thiết bị phân tích da công nghệ cao, kết quả chính xác đến từng lớp biểu bì.","Không gian tư vấn độc quyền — chỉ bạn và chuyên gia. Thiết bị phân tích da công nghệ cao, kết quả chính xác đến từng lớp biểu bì."
"Skin Healthy — Cấu hình Theme","skinhealthy_clinic_lab_title","Tab Lab — tiêu đề","text","Có","Lab Pha Chế Hoạt Chất","Lab Pha Chế Hoạt Chất"
"Skin Healthy — Cấu hình Theme","skinhealthy_clinic_lab_desc","Tab Lab — mô tả","textarea","Có","Phòng pha chế hoạt chất đạt chuẩn vô khuẩn y tế — nơi mỗi đơn điều trị được chuẩn bị riêng với nồng độ chính xác đến từng milligram.","Phòng pha chế hoạt chất đạt chuẩn vô khuẩn y tế — nơi mỗi đơn điều trị được chuẩn bị riêng với nồng độ chính xác đến từng milligram."
"Skin Healthy — Cấu hình Theme","skinhealthy_clinic_therapy_title","Tab Trị liệu — tiêu đề","text","Có","Phòng Trị Liệu Riêng Tư","Phòng Trị Liệu Riêng Tư"
"Skin Healthy — Cấu hình Theme","skinhealthy_clinic_therapy_desc","Tab Trị liệu — mô tả","textarea","Có","Không gian trị liệu khép kín — ánh sáng thiết kế riêng cho từng liệu pháp, âm thanh cách âm hoàn toàn, thiết bị điều trị thế hệ mới.","Không gian trị liệu khép kín — ánh sáng thiết kế riêng cho từng liệu pháp, âm thanh cách âm hoàn toàn, thiết bị điều trị thế hệ mới."
"Skin Healthy — Cấu hình Theme","skinhealthy_ing_url","Link thư viện hoạt chất","text","Có","/thanh-phan-hoat-tinh","/thanh-phan-hoat-tinh"
"Skin Healthy — Cấu hình Theme","skinhealthy_pharma_eyebrow","Dòng chữ nhỏ liên kết thương hiệu","text","Chưa","","Một sản phẩm của Pharma Cosmetics"
"Skin Healthy — Cấu hình Theme","skinhealthy_pharma_desc","Mô tả liên kết Pharma Cosmetics","textarea","Chưa","","Pharma Cosmetics là nền tảng dược mỹ phẩm toàn cầu, cung cấp giải pháp dựa trên khoa học và dữ liệu để đồng hành cùng quá trình trị liệu tại spa."
"Skin Healthy — Cấu hình Theme","skinhealthy_cat_1_before","Nhóm 1 — Ảnh Trước","image","Chưa","",""
"Skin Healthy — Cấu hình Theme","skinhealthy_cat_1_after","Nhóm 1 — Ảnh Sau","image","Chưa","",""
"Skin Healthy — Cấu hình Theme","skinhealthy_cat_2_before","Nhóm 2 — Ảnh Trước","image","Chưa","",""
"Skin Healthy — Cấu hình Theme","skinhealthy_cat_2_after","Nhóm 2 — Ảnh Sau","image","Chưa","",""
"Skin Healthy — Cấu hình Theme","skinhealthy_cat_3_before","Nhóm 3 — Ảnh Trước","image","Chưa","",""
"Skin Healthy — Cấu hình Theme","skinhealthy_cat_3_after","Nhóm 3 — Ảnh Sau","image","Chưa","",""
"Skin Healthy — Cấu hình Theme","skinhealthy_cat_4_before","Nhóm 4 — Ảnh Trước","image","Chưa","",""
"Skin Healthy — Cấu hình Theme","skinhealthy_cat_4_after","Nhóm 4 — Ảnh Sau","image","Chưa","",""
"Skin Healthy — Cấu hình Theme","skinhealthy_cat_5_before","Nhóm 5 — Ảnh Trước","image","Chưa","",""
"Skin Healthy — Cấu hình Theme","skinhealthy_cat_5_after","Nhóm 5 — Ảnh Sau","image","Chưa","",""
"Skin Healthy — Cấu hình Theme","skinhealthy_cat_6_before","Nhóm 6 — Ảnh Trước","image","Chưa","",""
"Skin Healthy — Cấu hình Theme","skinhealthy_cat_6_after","Nhóm 6 — Ảnh Sau","image","Chưa","",""
"Skin Healthy — Cấu hình Theme","skinhealthy_cat_1_annotation","Nhóm 1 — Chú thích kết quả","text","Chưa","",""
"Skin Healthy — Cấu hình Theme","skinhealthy_cat_2_annotation","Nhóm 2 — Chú thích kết quả","text","Chưa","",""
"Skin Healthy — Cấu hình Theme","skinhealthy_cat_3_annotation","Nhóm 3 — Chú thích kết quả","text","Chưa","",""
"Skin Healthy — Cấu hình Theme","skinhealthy_cat_4_annotation","Nhóm 4 — Chú thích kết quả","text","Chưa","",""
"Skin Healthy — Cấu hình Theme","skinhealthy_cat_5_annotation","Nhóm 5 — Chú thích kết quả","text","Chưa","",""
"Skin Healthy — Cấu hình Theme","skinhealthy_cat_6_annotation","Nhóm 6 — Chú thích kết quả","text","Chưa","",""
"Skin Healthy — Cấu hình Theme","skinhealthy_journey_img_1","Ảnh bước 1 — Khảo sát Lâm sàng","image","Chưa","",""
"Skin Healthy — Cấu hình Theme","skinhealthy_journey_img_2","Ảnh bước 2 — Số hóa Hồ sơ","image","Chưa","",""
"Skin Healthy — Cấu hình Theme","skinhealthy_journey_img_3","Ảnh bước 3 — Thiết kế Phác đồ","image","Chưa","",""
"Skin Healthy — Cấu hình Theme","skinhealthy_journey_img_4","Ảnh bước 4 — Trị liệu 1:1","image","Chưa","",""
"Skin Healthy — Cấu hình Theme","skinhealthy_journey_img_5","Ảnh bước 5 — Kê đơn Hoạt chất","image","Chưa","",""
"Skin Healthy — Cấu hình Theme","skinhealthy_journey_img_6","Ảnh bước 6 — Tối ưu Kết quả","image","Chưa","",""
"Skin Healthy — Cấu hình Theme","skinhealthy_journey_dur_1","Thời lượng bước 1","text","Chưa","","30–45 phút"
"Skin Healthy — Cấu hình Theme","skinhealthy_journey_dur_2","Thời lượng bước 2","text","Chưa","","15–20 phút"
"Skin Healthy — Cấu hình Theme","skinhealthy_journey_dur_3","Thời lượng bước 3","text","Chưa","","20–30 phút"
"Skin Healthy — Cấu hình Theme","skinhealthy_journey_dur_4","Thời lượng bước 4","text","Chưa","","60–120 phút"
"Skin Healthy — Cấu hình Theme","skinhealthy_journey_dur_5","Thời lượng bước 5","text","Chưa","","10–15 phút"
"Skin Healthy — Cấu hình Theme","skinhealthy_journey_dur_6","Thời lượng bước 6","text","Chưa","","Định kỳ theo phác đồ"
"Skin Healthy — Cấu hình Theme","skinhealthy_story_1_title","Câu chuyện 1 — Tiêu đề","text","Chưa","","Khi phác đồ ban đầu không còn phù hợp"
"Skin Healthy — Cấu hình Theme","skinhealthy_story_1_body","Câu chuyện 1 — Nội dung","textarea","Chưa","","Một khách hàng bắt đầu với liệu trình phục hồi hàng rào bảo vệ da tiêu chuẩn, nhưng sau 2 buổi da xuất hiện phản ứng kích ứng nhẹ. Thay vì tiếp tục theo kế hoạch cũ, chuyên gia đã đổi hoạt chất và giảm tần suất trị liệu để da có thời gian thích nghi trước khi quay lại lộ trình chính."
"Skin Healthy — Cấu hình Theme","skinhealthy_story_1_quote","Câu chuyện 1 — Trích dẫn nhấn mạnh","text","Chưa","","Sản phẩm sử dụng không cố định, điều chỉnh theo tình trạng thực tế."
"Skin Healthy — Cấu hình Theme","skinhealthy_story_2_title","Câu chuyện 2 — Tiêu đề","text","Chưa","","Kết quả chậm hơn dự kiến, và tại sao điều đó ổn"
"Skin Healthy — Cấu hình Theme","skinhealthy_story_2_body","Câu chuyện 2 — Nội dung","textarea","Chưa","","Một ca tăng sắc tố sau viêm cần thời gian dài hơn ước tính ban đầu vì cơ địa da đáp ứng chậm với hoạt chất điều hòa melanin. Thay vì tăng nồng độ để đẩy nhanh tiến độ, đội ngũ chọn giữ nguyên nồng độ an toàn và kéo dài thời gian theo dõi."
"Skin Healthy — Cấu hình Theme","skinhealthy_story_2_quote","Câu chuyện 2 — Trích dẫn nhấn mạnh","text","Chưa","","Kết quả bền vững quan trọng hơn tốc độ."
"Skin Healthy — Cấu hình Theme","skinhealthy_commitment_tagline","Dòng cam kết giá trị","text","Chưa","","Hiểu đúng làn da - Lựa chọn đúng giải pháp - Đồng hành đến kết quả"
"Skin Healthy — Cấu hình Theme","skinhealthy_philosophy_img","Ảnh minh hoạ (macro da / thiết bị phân tích)","image","Chưa","",""
"Skin Healthy — Cấu hình Theme","skinhealthy_philosophy_eyebrow","Eyebrow","text","Chưa","","Triết lý điều trị"
"Skin Healthy — Cấu hình Theme","skinhealthy_philosophy_title","Tiêu đề","text","Chưa","","Da khỏe không phải chỉ là da đẹp"
"Skin Healthy — Cấu hình Theme","skinhealthy_philosophy_body1","Đoạn 1","textarea","Chưa","","Tại Skin Health Beauty, chúng tôi tiếp cận da theo cách một chuyên gia da liễu tiếp cận bệnh nhân — không phải như một beauty consultant tiếp cận khách hàng."
"Skin Healthy — Cấu hình Theme","skinhealthy_philosophy_body2","Đoạn 2","textarea","Chưa","","Mỗi liệu trình bắt đầu bằng phân tích chuyên sâu: loại da, chỉ số ẩm và TEWL, hàng rào lipid, lịch sử điều trị và yếu tố lối sống. Từ đó, chúng tôi thiết kế phác đồ cá nhân hóa — không có công thức chung cho mọi người."
"Skin Healthy — Cấu hình Theme","skinhealthy_philosophy_quote","Trích dẫn nhấn mạnh","text","Chưa","","Làn da khỏe mạnh ở cấp độ tế bào là nền tảng của mọi vẻ đẹp. Chúng tôi không che giấu khuyết điểm — chúng tôi chữa lành từ bên trong."
"Skin Healthy — Cấu hình Theme","skinhealthy_philosophy_cite","Nguồn trích dẫn","text","Chưa","","Đội ngũ chuyên gia, Skin Health Beauty"
"Skin Healthy — Cấu hình Theme","skinhealthy_team_enable","Hiển thị section Chuyên gia phụ trách","checkbox","Chưa","","false"
"Skin Healthy — Cấu hình Theme","skinhealthy_team_1_img","Ảnh chuyên gia","image","Chưa","",""
"Skin Healthy — Cấu hình Theme","skinhealthy_team_1_name","Tên","text","Chưa","","ThS. Nguyễn Thị An"
"Skin Healthy — Cấu hình Theme","skinhealthy_team_1_title","Chức danh","text","Chưa","","Chuyên gia Da liễu · Trị liệu Lâm sàng"
"Skin Healthy — Cấu hình Theme","skinhealthy_team_1_credential","Bằng cấp / kinh nghiệm","text","Chưa","","15 năm kinh nghiệm lâm sàng"
"Skin Healthy — Cấu hình Theme","skinhealthy_team_1_tags","Thế mạnh (phân cách bằng ,)","text","Chưa","","Nám, Tái tạo da, Acne Protocol"
"Skin Healthy — Cấu hình Theme","skinhealthy_team_1_quote","Câu nói / triết lý làm nghề (tuỳ chọn)","textarea","Chưa","",""
"Skin Healthy — Cấu hình Theme","skinhealthy_faq_1_q","Câu hỏi 1","text","Chưa","","Điều trị tại Skin Health Beauty có đau không?"
"Skin Healthy — Cấu hình Theme","skinhealthy_faq_1_a","Trả lời 1","textarea","Chưa","","Tùy theo cấp độ liệu trình. Chăm sóc duy trì hoàn toàn không gây khó chịu. Điều trị nhắm mục tiêu có thể có cảm giác nhẹ như châm chích khi tẩy tế bào chết. Điều trị chuyên sâu sử dụng kem tê bề mặt trước khi thực hiện — hầu hết khách hàng mô tả là nhẹ và có thể chịu được tốt."
"Skin Healthy — Cấu hình Theme","skinhealthy_faq_2_q","Câu hỏi 2","text","Chưa","","Tôi cần bao nhiêu buổi để thấy kết quả?"
"Skin Healthy — Cấu hình Theme","skinhealthy_faq_2_a","Trả lời 2","textarea","Chưa","","Phụ thuộc vào mức độ vấn đề ban đầu và loại liệu trình. Hầu hết khách hàng thấy cải thiện rõ sau 3–4 buổi. Lộ trình đầy đủ cho kết quả tối ưu thường từ 6–12 buổi, kết hợp với chăm sóc tại nhà theo hướng dẫn."
"Skin Healthy — Cấu hình Theme","skinhealthy_faq_3_q","Câu hỏi 3","text","Chưa","","Da nhạy cảm có điều trị được không?"
"Skin Healthy — Cấu hình Theme","skinhealthy_faq_3_a","Trả lời 3","textarea","Chưa","","Có. Chúng tôi có phác đồ riêng cho da nhạy cảm với bước kiểm tra phản ứng (patch test) bắt buộc trước khi bắt đầu bất kỳ liệu trình nào. Đội ngũ chuyên gia sẽ điều chỉnh nồng độ và thiết bị phù hợp với mức chịu đựng của da."
"Skin Healthy — Cấu hình Theme","skinhealthy_faq_4_q","Câu hỏi 4","text","Chưa","","Chi phí điều trị tại Skin Health Beauty như thế nào?"
"Skin Healthy — Cấu hình Theme","skinhealthy_faq_4_a","Trả lời 4","textarea","Chưa","","Chi phí dao động tùy theo liệu trình và số buổi. Tư vấn ban đầu hoàn toàn miễn phí — chuyên gia sẽ đánh giá da và đề xuất phác đồ cùng chi phí cụ thể trước khi bạn quyết định. Không có phí ẩn."
"Skin Healthy — Cấu hình Theme","skinhealthy_faq_5_q","Câu hỏi 5","text","Chưa","","Sau mỗi buổi điều trị, tôi cần lưu ý gì?"
"Skin Healthy — Cấu hình Theme","skinhealthy_faq_5_a","Trả lời 5","textarea","Chưa","","Chúng tôi cung cấp hướng dẫn chăm sóc sau điều trị bằng văn bản cho từng liệu trình cụ thể. Nhìn chung: tránh ánh nắng trực tiếp 48 giờ, dùng SPF hàng ngày, không dùng sản phẩm hoạt chất mạnh trong 24–72 giờ đầu tùy loại điều trị."
"Skin Healthy — Cấu hình Theme","skinhealthy_faq_6_q","Câu hỏi 6","text","Chưa","","Tôi có thể kết hợp điều trị tại spa với sản phẩm tự dùng ở nhà không?"
"Skin Healthy — Cấu hình Theme","skinhealthy_faq_6_a","Trả lời 6","textarea","Chưa","","Hoàn toàn có thể và được khuyến khích. Đội ngũ Skin Health Beauty làm việc cùng hệ thống tư vấn sản phẩm của Pharma Cosmetics để thiết kế homecare routine bổ trợ cho liệu trình tại spa — tối ưu hóa và duy trì kết quả giữa các buổi điều trị."
"Skin Healthy — Cấu hình Theme","skinhealthy_services_groups_menu","Menu nhóm dịch vụ","link_list","Chưa","",""
"Skin Healthy — Cấu hình Theme","skinhealthy_col_maintenance","Fallback — nhóm 1: Chăm sóc duy trì","collection","Có","dieu-tri-chuyen-nghiep",""
"Skin Healthy — Cấu hình Theme","skinhealthy_col_targeted","Fallback — nhóm 2: Nhắm mục tiêu","collection","Có","dieu-tri-chuyen-sau",""
"Skin Healthy — Cấu hình Theme","skinhealthy_col_invasive","Fallback — nhóm 3: Xâm lấn tối thiểu","collection","Có","dieu-tri-chuyen-nghiep-1",""
"Skin Healthy — Cấu hình Theme","skinhealthy_services_all_url","Link 'Xem tất cả dịch vụ' (CTA cuối trang)","text","Có","/skin-health-beauty",""
"Skin Healthy — Cấu hình Theme","skinhealthy_footer_online_title","Tiêu đề cột Dịch vụ","text","Có","Hướng dẫn","Dịch Vụ Online"
"Skin Healthy — Cấu hình Theme","skinhealthy_footer_online_menu","Menu cột Dịch vụ","link_list","Có","huong-dan",""
"Skin Healthy — Cấu hình Theme","skinhealthy_footer_menu","Menu chân trang (cột phải)","link_list","Có","skinhealthy-footer",""
"Nâng cao","metafield_show","Sử dụng Metafield","checkbox","Có","false",""
"Nâng cao","footer_icon_1_url","Bật icon UI 1","checkbox","Có","true",""
"Nâng cao","footer_icon_2_url","Bật icon UI 2","checkbox","Có","true",""
"Nâng cao","footer_icon_3_url","Bật icon UI 3","checkbox","Có","true",""
"Nâng cao","footer_icon_4_url","Bật icon UI 4","checkbox","Có","true",""
"Nâng cao","footer_icon_5_url","Bật icon UI 5","checkbox","Có","true",""
"Nâng cao","footer_icon_6_url","Bật icon UI 6","checkbox","Có","true",""
"Nâng cao","footer_icon_7_url","Bật icon UI 7","checkbox","Có","true",""
"Nâng cao","footer_icon_8_url","Bật icon UI 8","checkbox","Có","true",""
"Nâng cao","footer_icon_9_url","Bật icon UI 9","checkbox","Có","true",""
"Nâng cao","footer_icon_10_url","Bật icon UI 10","checkbox","Có","true",""
"Khuyến mãi & Voucher","promo_coupon_1_enable","Sử dụng","checkbox","Có","true",""
"Khuyến mãi & Voucher","promo_coupon_1_image","Ảnh voucher","image","Chưa","",""
"Khuyến mãi & Voucher","promo_coupon_1_code","Mã khuyến mãi","text","Có","LAMQUEN",""
"Khuyến mãi & Voucher","promo_coupon_1_min_order","Số tiền giảm","text","Có","50K",""
"Khuyến mãi & Voucher","promo_coupon_1_value","Giá trị / mô tả ưu đãi","text","Có","Khách mới tặng mã làm quen giảm 50k tất cả sản phẩm",""
"Khuyến mãi & Voucher","promo_coupon_1_expires","Thời gian áp dụng","text","Có","",""
"Khuyến mãi & Voucher","promo_coupon_1_condition","Điều kiện áp dụng","textarea","Có","'- Khách hàng mua lần đầu tại shop.<br/>
- Mỗi khách hàng được sử dụng tối đa 1 lần. <br/>
- Áp dụng cho đơn hàng từ 500.000đ trở lên.
",""
"Khuyến mãi & Voucher","promo_coupon_2_enable","Sử dụng","checkbox","Có","true",""
"Khuyến mãi & Voucher","promo_coupon_2_image","Ảnh voucher","image","Chưa","",""
"Khuyến mãi & Voucher","promo_coupon_2_code","Mã khuyến mãi","text","Có","69K",""
"Khuyến mãi & Voucher","promo_coupon_2_min_order","Số tiền giảm","text","Có","69K",""
"Khuyến mãi & Voucher","promo_coupon_2_value","Giá trị / mô tả ưu đãi","text","Có","Giảm thêm 69k cho đơn hàng từ 999k",""
"Khuyến mãi & Voucher","promo_coupon_2_expires","Thời gian áp dụng","text","Có","",""
"Khuyến mãi & Voucher","promo_coupon_2_condition","Điều kiện áp dụng","textarea","Có","'- Áp dụng cho tất cả các dòng sản phẩm. Trừ những sản phẩm chạy flash sale.<br/>
- Không áp dụng chung với chương trình khuyến mãi khác.<br/><br/>
",""
"Khuyến mãi & Voucher","promo_coupon_3_enable","Sử dụng","checkbox","Có","true",""
"Khuyến mãi & Voucher","promo_coupon_3_image","Ảnh voucher","image","Chưa","",""
"Khuyến mãi & Voucher","promo_coupon_3_code","Mã khuyến mãi","text","Có","PC100",""
"Khuyến mãi & Voucher","promo_coupon_3_min_order","Số tiền giảm","text","Có","100K",""
"Khuyến mãi & Voucher","promo_coupon_3_value","Giá trị / mô tả ưu đãi","text","Có","Giảm thêm 100.000đ cho đơn hàng từ 1.500.000đ",""
"Khuyến mãi & Voucher","promo_coupon_3_expires","Thời gian áp dụng","text","Có","",""
"Khuyến mãi & Voucher","promo_coupon_3_condition","Điều kiện áp dụng","textarea","Có","'- Áp dụng cho tất cả các dòng sản phẩm. Trừ những sản phẩm chạy flash sale.<br/>
- Không áp dụng chung với chương trình khuyến mãi khác.",""
"Khuyến mãi & Voucher","promo_coupon_4_enable","Sử dụng","checkbox","Có","true",""
"Khuyến mãi & Voucher","promo_coupon_4_image","Ảnh voucher","image","Chưa","",""
"Khuyến mãi & Voucher","promo_coupon_4_code","Mã khuyến mãi","text","Có","VV150",""
"Khuyến mãi & Voucher","promo_coupon_4_min_order","Số tiền giảm","text","Có","150k",""
"Khuyến mãi & Voucher","promo_coupon_4_value","Giá trị / mô tả ưu đãi","text","Có","Giảm thêm 150.000đ cho đơn hàng từ 2.500.000đ",""
"Khuyến mãi & Voucher","promo_coupon_4_expires","Thời gian áp dụng","text","Có","",""
"Khuyến mãi & Voucher","promo_coupon_4_condition","Điều kiện áp dụng","textarea","Có","'- Áp dụng cho tất cả các dòng sản phẩm. Trừ những sản phẩm chạy flash sale.<br/>
- Không áp dụng chung với chương trình khuyến mãi khác.<br/><br/>",""
"Khuyến mãi & Voucher","promo_coupon_5_enable","Sử dụng","checkbox","Có","true",""
"Khuyến mãi & Voucher","promo_coupon_5_image","Ảnh voucher","image","Chưa","",""
"Khuyến mãi & Voucher","promo_coupon_5_code","Mã khuyến mãi","text","Có","MM200",""
"Khuyến mãi & Voucher","promo_coupon_5_min_order","Số tiền giảm","text","Có","200k",""
"Khuyến mãi & Voucher","promo_coupon_5_value","Giá trị / mô tả ưu đãi","text","Có","Giảm thêm 200.000đ cho đơn hàng tối thiểu từ 3.500.000đ",""
"Khuyến mãi & Voucher","promo_coupon_5_expires","Thời gian áp dụng","text","Chưa","",""
"Khuyến mãi & Voucher","promo_coupon_5_condition","Điều kiện áp dụng","textarea","Có","'- Áp dụng cho tất cả các dòng sản phẩm. Trừ những sản phẩm chạy flash sale.<br/>
- Không áp dụng chung với chương trình khuyến mãi khác.<br/><br/>",""
"Khuyến mãi & Voucher","promo_coupon_6_enable","Sử dụng","checkbox","Có","true",""
"Khuyến mãi & Voucher","promo_coupon_6_image","Ảnh voucher","image","Chưa","",""
"Khuyến mãi & Voucher","promo_coupon_6_code","Mã khuyến mãi","text","Có","VIP6",""
"Khuyến mãi & Voucher","promo_coupon_6_min_order","Số tiền giảm","text","Có","10%",""
"Khuyến mãi & Voucher","promo_coupon_6_value","Giá trị / mô tả ưu đãi","text","Có","Giảm thêm 10% cho đơn hàng từ 6.000.000đ",""
"Khuyến mãi & Voucher","promo_coupon_6_expires","Thời gian áp dụng","text","Chưa","",""
"Khuyến mãi & Voucher","promo_coupon_6_condition","Điều kiện áp dụng","textarea","Có","'- Áp dụng cho tất cả các dòng sản phẩm. Trừ những sản phẩm chạy flash sale.<br/>
- Không áp dụng chung với chương trình khuyến mãi khác.<br/><br/>",""
"Khuyến mãi & Voucher","alt_km_product","Alt ảnh","text","Chưa","","Banner"
"Khuyến mãi & Voucher","flash_time_enable","Sử dụng đồng hồ đếm ngược","checkbox","Có","false","true"
"Khuyến mãi & Voucher","flash_time_title","Tiêu đề","text","Chưa","","Thời gian chỉ còn"
"Khuyến mãi & Voucher","flash_time","Thời gian khuyến mãi","text","Có","12-25-2025-09-15-45","12-25-2023-09-15-45"
"Khuyến mãi & Voucher","use_col_flash_1","Sử dụng","checkbox","Chưa","",""
"Khuyến mãi & Voucher","icon_flash_1.png","Ảnh tiêu đề","image","Chưa","",""
"Khuyến mãi & Voucher","title_col_flash_1","Tiêu đề","text","Chưa","",""
"Khuyến mãi & Voucher","col_flash_1","Chọn danh mục","collection","Chưa","",""
"Khuyến mãi & Voucher","limit_col_flash_1","Giới hạn","text","Chưa","",""
"Khuyến mãi & Voucher","use_col_flash_2","Sử dụng","checkbox","Chưa","",""
"Khuyến mãi & Voucher","icon_flash_2.png","Ảnh tiêu đề","image","Chưa","",""
"Khuyến mãi & Voucher","title_col_flash_2","Tiêu đề","text","Chưa","",""
"Khuyến mãi & Voucher","col_flash_2","Chọn danh mục","collection","Chưa","",""
"Khuyến mãi & Voucher","limit_col_flash_2","Giới hạn","text","Chưa","",""
"Khuyến mãi & Voucher","use_col_flash_3","Sử dụng","checkbox","Chưa","",""
"Khuyến mãi & Voucher","icon_flash_3.png","Ảnh tiêu đề","image","Chưa","",""
"Khuyến mãi & Voucher","title_col_flash_3","Tiêu đề","text","Chưa","",""
"Khuyến mãi & Voucher","col_flash_3","Chọn danh mục","collection","Chưa","",""
"Khuyến mãi & Voucher","limit_col_flash_3","Giới hạn","text","Chưa","",""
"Thanh toán nhanh","mops_pickup_col","Collection sản phẩm lấy tại cơ sở","collection","Có","peel-da-tai-nha",""
"Thanh toán nhanh","mops_stores","Danh sách cơ sở","textarea","Có","Hà Nội;",""
"Thanh toán nhanh","mops_time_slots","Khung giờ hẹn","text","Có","9:00;9:30;10:00;10:30;11:00;13:00;13:30;14:00;14:30;15:00;15:30;16:00;16:30;17:00","9:00;9:30;10:00;10:30;11:00;13:00;13:30;14:00;14:30;15:00;15:30;16:00;16:30;17:00"
"Thanh toán nhanh","mops_deposit_pct","Tỷ lệ đặt cọc sản phẩm (%)","text","Có","30","30"
"Thanh toán nhanh","mops_gas_url","Google Apps Script URL (Web App)","text","Có","https://script.google.com/macros/s/AKfycbzwsTdtK23Z5yvUyuKflfsgdr0Ak2ZG9sG-jG6VFoBsoV-Ya6LW7AOi7rxOfCAnZa-s/exec",""
"Thanh toán nhanh","mops_edge_url","Vercel Edge Proxy URL (Zero-Wait)","text","Có","",""
"Thanh toán nhanh","mops_label_shipper_note","Ghi chú cho shipper (in trên tem)","text","Có","Cho xem hàng - không cho thử","Cho xem hàng - không cho thử"
"Thanh toán nhanh","mops_shipping_note_default","Ghi chú giao hàng mặc định (prefill form Tạo đơn)","textarea","Có","CHO XEM HÀNG - KHÔNG CHO THỬ; ĐỒNG KIỂM","CHO XEM HÀNG - KHÔNG CHO THỬ; ĐỒNG KIỂM"
"Thanh toán nhanh","lookup_help_1_title","Khối 1 · Tiêu đề","text","Có","Đơn chưa cập nhật?","Đơn chưa cập nhật?"
"Thanh toán nhanh","lookup_help_1_desc","Khối 1 · Mô tả","textarea","Có","Trạng thái mất tối đa 30 phút sau khi đơn vị vận chuyển quét gói.","Trạng thái mất tối đa 30 phút sau khi đơn vị vận chuyển quét gói."
"Thanh toán nhanh","lookup_help_2_title","Khối 2 · Tiêu đề","text","Có","Sai địa chỉ / sản phẩm?","Sai địa chỉ / sản phẩm?"
"Thanh toán nhanh","lookup_help_2_desc","Khối 2 · Mô tả","textarea","Có","Chỉ sửa được khi đơn còn ở ""Chờ đóng gói"".","Chỉ sửa được khi đơn còn ở ""Chờ đóng gói""."
"Thanh toán nhanh","lookup_help_2_page","Khối 2 · Trang liên hệ shop","page","Chưa","",""
"Thanh toán nhanh","lookup_help_2_link_text","Khối 2 · Chữ hiển thị của link","text","Có","liên hệ shop","liên hệ shop"
"Thanh toán nhanh","lookup_help_3_title","Khối 3 · Tiêu đề","text","Có","Cần hỗ trợ nhanh","Cần hỗ trợ nhanh"
"Thanh toán nhanh","lookup_help_3_hours","Khối 3 · Giờ làm việc","text","Có","8h–22h hằng ngày","8h–22h hằng ngày"
"MOPS Admin","mops_admin_logo","Logo MOPS Admin","image","Chưa","",""
"MOPS Admin","mops_admin_mobile_bg","Ảnh nền màn hình chủ mobile","image","Chưa","",""
"MOPS Admin","mops_admin_primary","Màu chính","color","Có","#6b4dfc","#6b4dfc"
"MOPS Admin","mops_admin_primary_hover","Màu chính (hover)","color","Có","#4a2fd6","#4a2fd6"
"MOPS Admin","mops_admin_surface_page","Màu nền trang","color","Có","#f7f8fa","#f7f8fa"
"Home Portal — Hoạt chất","ing_3_url","Hoạt chất 3 — Liên kết","text","Chưa","",""
"Home Portal — Hoạt chất","ing_3_tag","Hoạt chất 3 — Mô tả ngắn","text","Chưa","","Phục hồi hàng rào"
"Home Portal — Hoạt chất","ing_3_title","Hoạt chất 3 — Tên","text","Chưa","","Ceramides"
"Home Portal — Hoạt chất","ing_2_url","Hoạt chất 2 — Liên kết","text","Chưa","",""
"Home Portal — Hoạt chất","ing_2_tag","Hoạt chất 2 — Mô tả ngắn","text","Chưa","","Cấp ẩm"
"Home Portal — Hoạt chất","ing_2_title","Hoạt chất 2 — Tên","text","Chưa","","Hyaluronic Acid"
"Home Portal — Hoạt chất","ing_1_url","Hoạt chất 1 — Liên kết","text","Chưa","",""
"Home Portal — Hoạt chất","ing_1_tag","Hoạt chất 1 — Mô tả ngắn","text","Chưa","","Chăm sóc lão hoá"
"Home Portal — Hoạt chất","ing_1_title","Hoạt chất 1 — Tên","text","Chưa","","Retinol"
"Home Portal — Hoạt chất","ing_4_title","Hoạt chất 4 — Tên","text","Có","Vitamin C","Vitamin C"
"Home Portal — Hoạt chất","ing_4_tag","Hoạt chất 4 — Mô tả ngắn","text","Có","Chống oxy hoá","Chống oxy hoá"
"Home Portal — Hoạt chất","ing_4_url","Hoạt chất 4 — Liên kết","text","Có","",""
"Home Portal — Hoạt chất","ing_5_title","Hoạt chất 5 — Tên","text","Có","Niacinamide","Niacinamide"
"Home Portal — Hoạt chất","ing_5_tag","Hoạt chất 5 — Mô tả ngắn","text","Có","Chăm sóc da dầu","Chăm sóc da dầu"
"Home Portal — Hoạt chất","ing_5_url","Hoạt chất 5 — Liên kết","text","Có","",""
"Home Portal — Hoạt chất","ing_6_title","Hoạt chất 6 — Tên","text","Có","AHA / BHA","AHA / BHA"
"Home Portal — Hoạt chất","ing_6_tag","Hoạt chất 6 — Mô tả ngắn","text","Có","Tẩy tế bào chết","Tẩy tế bào chết"
"Home Portal — Hoạt chất","ing_6_url","Hoạt chất 6 — Liên kết","text","Có","",""
"Home Portal — Hoạt chất","ing_7_title","Hoạt chất 7 — Tên","text","Có","Tranexamic Acid","Tranexamic Acid"
"Home Portal — Hoạt chất","ing_7_tag","Hoạt chất 7 — Mô tả ngắn","text","Có","Chăm sóc sắc tố","Chăm sóc sắc tố"
"Home Portal — Hoạt chất","ing_7_url","Hoạt chất 7 — Liên kết","text","Có","",""
"Home Portal — Hoạt chất","ing_8_title","Hoạt chất 8 — Tên","text","Có","Azelaic Acid","Azelaic Acid"
"Home Portal — Hoạt chất","ing_8_tag","Hoạt chất 8 — Mô tả ngắn","text","Có","Chăm sóc da mụn","Chăm sóc da mụn"
"Home Portal — Hoạt chất","ing_8_url","Hoạt chất 8 — Liên kết","text","Có","",""
"Home Portal — Hoạt chất","ing_9_title","Hoạt chất 9 — Tên","text","Có","Peptide","Peptide"
"Home Portal — Hoạt chất","ing_9_tag","Hoạt chất 9 — Mô tả ngắn","text","Có","Chăm sóc lão hoá","Chăm sóc lão hoá"
"Home Portal — Hoạt chất","ing_9_url","Hoạt chất 9 — Liên kết","text","Có","",""
"Chưa có trong schema","product_tab1_title","","","Có","Mô tả sản phẩm",""
"Chưa có trong schema","body_bg_sub","","","Có","#F3DFD1",""
"Chưa có trong schema","filter_price","","","Có","true",""
"Chưa có trong schema","filter_price_title","","","Có","Khoảng Giá",""
"Chưa có trong schema","social_twitter_link","","","Có","#",""
"Chưa có trong schema","social_facebook_link","","","Có","#",""
"Chưa có trong schema","share_facebook","","","Có","true",""
"Chưa có trong schema","share_twitter","","","Có","true",""
"Chưa có trong schema","share_pinterest","","","Có","true",""
"Chưa có trong schema","share_fancy","","","Có","false",""
"Chưa có trong schema","share_google","","","Có","true",""
"Chưa có trong schema","product_tab3_title","","","Có","Đánh giá",""
"Chưa có trong schema","fot_social","","","Có","true",""
"Chưa có trong schema","home_page_keywords","","","Có","Dược mỹ phẩm chính hãng; Thực phẩm chức năng nhập khẩu;Dược mỹ phẩm toàn quốc; Pharma Cosmetics 
Nền tảng dược mỹ phẩm",""
"Chưa có trong schema","filter_price_node","","","Có","200.000đ; 400.000đ; 600.000đ; 800.000đ; 1.000.000đ; 2.000.000đ; 3.000.000d; 5.000.000đ; 8.000.000đ",""
"Chưa có trong schema","color_price","","","Có","#3CB371",""
"Chưa có trong schema","product_promotion_title","","","Có","Quà tặng dành cho bạn:",""
"Chưa có trong schema","product_promotion_title_m","","","Có","Số lượng có hạn",""
"Chưa có trong schema","section_blog_title","","","Có","<span>XU HƯỚNG</span> CHĂM SÓC DA",""
"Chưa có trong schema","title_col_1","","","Có","<span>Sản phẩm</span> mới nhất",""
"Chưa có trong schema","sale_pop","","","Có","false",""
"Chưa có trong schema","salespopcollection","","","Có","flash-sale-1",""
"Chưa có trong schema","section_pro_1_url","","","Có"," /san-pham-noi-bat",""
"Chưa có trong schema","section_pro_1_title","","","Có","<span>GIẢI PHÁP</span> TÌNH TRẠNG DA",""
"Chưa có trong schema","section_pro_2_title","","","Có","<span>PHÁC ĐỒ</span>TRỊ LIỆU CHUYÊN SÂU",""
"Chưa có trong schema","section_pro_2_url","","","Có","/san-pham-noi-bat",""
"Chưa có trong schema","contact_messenger_enable","","","Có","true",""
"Chưa có trong schema","contact_messenger","","","Có","https://www.facebook.com/pharmacosmeticsvn",""
"Chưa có trong schema","contact_whatsapp_enable","","","Có","true",""
"Chưa có trong schema","contact_whatsapp_title","","","Có","WhatsApp:",""
"Chưa có trong schema","contact_whatsapp","","","Có","84967194063",""
"Chưa có trong schema","contact_map","","","Có","/he-thong-cua-hang",""
"Chưa có trong schema","contact_map_title","","","Có","Hệ thống cửa hàng:",""
"Chưa có trong schema","header_search_promo","","","Có","Tặng tinh dầu dưỡng tóc Moroccanoil Treatment Phiên Bản Giới Hạn trị giá 1tr4 cho hoá đơn mua hàng từ 4tr",""
"Chưa có trong schema","section_about_title","","","Có","<span>Pharma Cosmetics</span> SKIN HEALTH BEAUTY ",""
"Chưa có trong schema","section_about_link","","","Có","https://pharmacosmetics-vn.com/pharma-cosmetics-hon-mot-thap-ky-kien-tao-ve-dep-tu-nen-tang-khoa-hoc",""
"Chưa có trong schema","section_about_desc","","","Có","Pharma Cosmetics phân phối hơn 400 thương hiệu dược mỹ phẩm nhập khẩu chính ngạch. Kết hợp với phòng trị liệu SKIN HEALTH BEAUTY, khách hàng có thể vừa mua đúng sản phẩm, vừa được điều trị chuyên sâu tại chỗ.",""
"Chưa có trong schema","use_thongbao","","","Có","false",""
"Chưa có trong schema","use_ngonngu","","","Có","false",""
"Chưa có trong schema","section_about_product_1_alt","","","Có","Banner",""
"Chưa có trong schema","section_about_button","","","Có","Xem thêm",""
"Chưa có trong schema","section_col_1","","","Có","bo-sung-collagen",""
"Chưa có trong schema","section_col_1_limit","","","Có","6",""
"Chưa có trong schema","product_google","","","Có","https://docs.google.com/spreadsheets/d/e/2PACX-1vS1LoAHgEjaeeulTh0yiBZbhQMyp-kb_BxqFbnDVI7n22uMZGYpGs8gD2O6QcqP2B8YTUbCsOQbqQn8/pub?output=csv",""
"Chưa có trong schema","title_tra_gop_pop","","","Có","ĐẶT TRƯỚC SẢN PHẨM",""
"Chưa có trong schema","use_thongbao2","","","Có","false",""
"Chưa có trong schema","use_thongbao5","","","Có","false",""
"Chưa có trong schema","title_thongbao5","","","Có","Tối ưu SEO",""
"Chưa có trong schema","tien_ich_title","","","Có","<span>Tiện ích</span> cho khách hàng",""
"Chưa có trong schema","section_category_title","","","Có","<span>SẢN PHẨM</span> nổi bật",""
"Chưa có trong schema","title_search_key_tab_product_1","","","Có","Từ khóa liên quan",""
"Chưa có trong schema","search_key_tab_product_1","","","Có","Cách trị mụn nội tiết tại nhà;Dùng gì sau khi Peel da?;Serum cho da giãn mao mạch",""
"Chưa có trong schema","banner_right1","","","Có","true",""
"Chưa có trong schema","tab_image_alt_2","","","Có","Banner",""
"Chưa có trong schema","title_search_key_tab_product_2","","","Có","Từ khóa liên quan",""
"Chưa có trong schema","search_key_tab_product_2","","","Có","Cách trị mụn nội tiết;Phục hồi da sau Peel;Dược mỹ phẩm cho da nhạy cảm;Trị nám chuẩn y khoa;Skincare tối giản cho da dầu",""
"Chưa có trong schema","banner_right2","","","Có","true",""
"Chưa có trong schema","section_about_subtitle","","","Có","Về chúng tôi",""
"Chưa có trong schema","title_col_2_pro","","","Có","<span>Lựa chọn</span> Hoạt chất",""
"Chưa có trong schema","section_col_2","","","Có","ban-chay",""
"Chưa có trong schema","section_col_2_limit","","","Có","8",""
"Chưa có trong schema","enable_1info_1","","","Có","true",""
"Chưa có trong schema","color_1info_1","","","Có","#070707",""
"Chưa có trong schema","aside_product_1_menu","","","Có","thuc-pham-chuc-nang",""
"Chưa có trong schema","aside_product_2_menu","","","Có","mua-sam-theo-thanh-phan",""
"Chưa có trong schema","title1_1info_1","","","Có","",""
"Chưa có trong schema","title2_1info_1","","","Có","",""
"Chưa có trong schema","content_1info_1","","","Có","",""
"Chưa có trong schema","section_blog2_title","","","Có","<span>Danh mục</span> Sản phẩm",""
"Chưa có trong schema","section_blog2_url","","","Có","bi-quyet",""
"Chưa có trong schema","aside_blog2_menu","","","Có","dong-san-pham-cu-the",""
"Chưa có trong schema","info_about1_content","","","Có","Đội ngũ chuyên viên giàu kinh nghiệm, được đào tạo chuyên sâu về cấu trúc da và ứng dụng dược mỹ phẩm, cam kết mang đến liệu trình an toàn và hiệu quả tối ưu.",""
"Chưa có trong schema","info_about2_title","","","Có","Liệu trình cá nhân hóa 1:1 ",""
"Chưa có trong schema","info_about2_content","","","Có","Mỗi liệu trình được thiết kế riêng biệt dựa trên kết quả phân tích da chuyên sâu, giúp giải quyết triệt để các vấn đề và phục hồi sức khỏe làn da từ gốc.

",""
"Chưa có trong schema","info_about3_title","","","Có","Công nghệ & Thiết bị hiện đại ",""
"Chưa có trong schema","info_about3_content","","","Có","Ứng dụng các công nghệ làm đẹp tiên tiến và thiết bị hiện đại hàng đầu, đảm bảo quy trình trị liệu chuẩn y khoa, mang lại hiệu quả vượt trội.",""
"Chưa có trong schema","use_thongbao1","","","Có","false",""
"Chưa có trong schema","contact_hotline_title","","","Có","0967194063",""
"Chưa có trong schema","sub_title_danhmuc","","","Có","Phạm vi của các vấn đề da liễu rất rộng, bao gồm cả các bệnh lý cần điều trị và các tình trạng da phổ biến liên quan đến thẩm mỹ và chăm sóc hàng ngày. Dưới đây là danh sách kết hợp cả hai nhóm, tập trung vào những vấn đề mà khách hàng thường tìm kiếm giải pháp sản phẩm:",""
"Chưa có trong schema","title_danhmuc","","","Có","9 Vấn Đề Da Liễu Thường Gặp",""
"Chưa có trong schema","use_thongbao6","","","Có","false",""
"Chưa có trong schema","info_about_ena_txt_1","","","Có","5000+",""
"Chưa có trong schema","link_thongbao3","","","Có","https://pharmacosmetics-vn.com/apps/affiliate-v2",""
"Chưa có trong schema","use_thongbao4","","","Có","false",""
"Chưa có trong schema","use_thongbao3","","","Có","false",""
"Chưa có trong schema","url_1banner_1","","","Có","https://chat.zalo.me/0965594399",""
"Chưa có trong schema","tab_image_link_1","","","Có","https://pharmacosmetics-vn.com/vivant-8-mandelic-acid-3-in-1-serum-serum-dieu-tri-mun-lao-hoa-sac-to-khong-deu-mau",""
"Chưa có trong schema","tab_image_link_2","","","Có","https://pharmacosmetics-vn.com/oh-oh-daily-nia23-advanced-correcting-serum-tinh-chat-sua-chua-sac-to-chuyen-sau-sang-da-giam-tham-nam",""
"Chưa có trong schema","product2_url","","","Có","https://pharmacosmetics-vn.com/oh-oh",""
"Chưa có trong schema","info_about_ena_txt_2","","","Có","Khách hàng tin tưởng",""
"Chưa có trong schema","info_about1_title","","","Có","SKIN HEALTH BEAUTY - Liệu Trình Chăm Sóc Da Chuẩn Khoa Học",""
"Chưa có trong schema","banner_right_1_url","","","Có","https://pharmacosmetics-vn.com/iconskin",""
"Chưa có trong schema","banner_right_2_url","","","Có","https://pharmacosmetics-vn.com/neova-smart-skincare",""
"Chưa có trong schema","home_section_1_margin","","","Có","0px",""
"Chưa có trong schema","home_section_2_margin","","","Có","0px",""
"Chưa có trong schema","home_section_3_margin","","","Có","0px",""
"Chưa có trong schema","home_section_4_margin","","","Có","0px",""
"Chưa có trong schema","home_section_5_margin","","","Có","0px",""
"Chưa có trong schema","home_section_6_margin","","","Có","0px",""
"Chưa có trong schema","home_section_7_margin","","","Có","0px",""
"Chưa có trong schema","home_section_8_margin","","","Có","0px",""
"Chưa có trong schema","home_section_9_margin","","","Có","0px",""
"Chưa có trong schema","home_section_10_margin","","","Có","0px",""
"Chưa có trong schema","home_section_11_margin","","","Có","0px",""
"Chưa có trong schema","enable_brand_1","","","Có","true",""
"Chưa có trong schema","url_brand_1","","","Có","/collections/all",""
"Chưa có trong schema","enable_brand_2","","","Có","true",""
"Chưa có trong schema","url_brand_2","","","Có","/collections/all",""
"Chưa có trong schema","enable_brand_3","","","Có","true",""
"Chưa có trong schema","url_brand_3","","","Có","/collections/all",""
"Chưa có trong schema","enable_brand_4","","","Có","true",""
"Chưa có trong schema","url_brand_4","","","Có","/collections/all",""
"Chưa có trong schema","enable_brand_5","","","Có","true",""
"Chưa có trong schema","url_brand_5","","","Có","/collections/all",""
"Chưa có trong schema","enable_brand_6","","","Có","true",""
"Chưa có trong schema","url_brand_6","","","Có","/collections/all",""
"Chưa có trong schema","payment_alt_6","","","Có","ATM",""
"Chưa có trong schema","payment_alt_7","","","Có","MoMo",""
"Chưa có trong schema","cate_1_name","","","Có","TẨY TRANG",""
"Chưa có trong schema","cate_1_url","","","Có","top-san-pham-tay-trang-noi-bat",""
"Chưa có trong schema","cate_2_name","","","Có","SỮA RỬA MẶT ",""
"Chưa có trong schema","cate_2_url","","","Có","top-san-pham-sua-rua-mat-noi-bat",""
"Chưa có trong schema","cate_3_name","","","Có","TONER",""
"Chưa có trong schema","cate_4_name","","","Có","TẨY DA CHẾT",""
"Chưa có trong schema","cate_5_name","","","Có","MẶT NẠ",""
"Chưa có trong schema","cate_6_enable","","","Có","true",""
"Chưa có trong schema","cate_3_url","","","Có","top-san-pham-toner-noi-bat",""
"Chưa có trong schema","cate_4_url","","","Có","top-san-pham-tay-da-chet-noi-bat",""
"Chưa có trong schema","cate_5_url","","","Có","top-san-pham-mat-na-ban-chay",""
"Chưa có trong schema","cate_6_url","","","Có","top-san-pham-serum-ban-chay",""
"Chưa có trong schema","cate_6_name","","","Có","SERUM",""
"Chưa có trong schema","section_pro_3_title","","","Có","Thế giới bỉm tã",""
"Chưa có trong schema","section_pro_3_url","","","Có","/collections/all",""
"Chưa có trong schema","section_pro_4_title","","","Có","Ăn dặm dinh dưỡng",""
"Chưa có trong schema","section_pro_4_url","","","Có","/collections/all",""
"Chưa có trong schema","enable_brand_7","","","Có","true",""
"Chưa có trong schema","enable_brand_8","","","Có","true",""
"Chưa có trong schema","enable_brand_9","","","Có","false",""
"Chưa có trong schema","section_pro_2_sub_title","","","Có","Yến sào Sudes Nest",""
"Chưa có trong schema","section_pro_1_sub_title","","","Có","Yến sào Sudes Nest",""
"Chưa có trong schema","section_pro_3_sub_title","","","Có","Yến sào Sudes Nest",""
"Chưa có trong schema","section_pro_4_sub_title","","","Có","Yến sào Sudes Nest",""
"Chưa có trong schema","section_pro_1_title_1","","","Có","Da Mụn & Dầu",""
"Chưa có trong schema","section_pro_1_url_1","","","Có","da-mun-dau",""
"Chưa có trong schema","section_pro_1_title_2","","","Có","Nám & Sắc Tố",""
"Chưa có trong schema","section_pro_1_url_2","","","Có","nam-va-tan-nhang-melasma-freckles",""
"Chưa có trong schema","section_pro_1_title_3","","","Có","Dưỡng Ẩm & Phục Hồi",""
"Chưa có trong schema","section_pro_1_url_3","","","Có","phuc-hoi-da-nhay-cam",""
"Chưa có trong schema","section_pro_1_title_4","","","Có","Chống Lão Hóa",""
"Chưa có trong schema","section_pro_1_url_4","","","Có","kem-duong-am-tre-hoa-da",""
"Chưa có trong schema","section_pro_2_title_1","","","Có","Mụn Nội Tiết",""
"Chưa có trong schema","section_pro_2_url_1","","","Có","mun-noi-tiet",""
"Chưa có trong schema","section_pro_2_title_2","","","Có","Rosacea & Giãn Mao Mạch",""
"Chưa có trong schema","section_pro_2_url_2","","","Có","rosacea",""
"Chưa có trong schema","section_pro_2_title_3","","","Có","Tăng Sắc Tố (PIH/PIE)",""
"Chưa có trong schema","section_pro_2_url_3","","","Có","tang-sac-to-sau-viem-pih-2",""
"Chưa có trong schema","section_pro_2_title_4","","","Có","Viêm Da Tiết Bã",""
"Chưa có trong schema","section_pro_2_url_4","","","Có","viem-da-tiet-ba",""
"Chưa có trong schema","section_pro_3_title_1","","","Có","Tả quần",""
"Chưa có trong schema","section_pro_3_url_1","","","Có","san-pham-noi-bat",""
"Chưa có trong schema","section_pro_3_title_2","","","Có","Tả dán",""
"Chưa có trong schema","section_pro_3_url_2","","","Có","san-pham-noi-bat",""
"Chưa có trong schema","section_pro_3_title_3","","","Có","Miếng lót",""
"Chưa có trong schema","section_pro_3_url_3","","","Có","san-pham-noi-bat",""
"Chưa có trong schema","section_pro_3_title_4","","","Có","",""
"Chưa có trong schema","section_pro_3_url_4","","","Có","yen-chung-hat-sen",""
"Chưa có trong schema","section_pro_4_url_1","","","Có","san-pham-noi-bat",""
"Chưa có trong schema","section_pro_4_title_1","","","Có","Bột ăn dặm",""
"Chưa có trong schema","section_pro_4_title_2","","","Có","Thức ăn nghiền",""
"Chưa có trong schema","section_pro_4_url_2","","","Có","san-pham-noi-bat",""
"Chưa có trong schema","section_pro_4_title_3","","","Có","Phô mai váng sữa",""
"Chưa có trong schema","section_pro_4_url_3","","","Có","san-pham-noi-bat",""
"Chưa có trong schema","section_pro_4_title_4","","","Có","",""
"Chưa có trong schema","section_pro_4_url_4","","","Có","my-pham-saffron",""
"Chưa có trong schema","section_pro_1_sub_1","","","Có","",""
"Chưa có trong schema","section_pro_1_sub_2","","","Có","0-4 tháng",""
"Chưa có trong schema","section_pro_1_sub_3","","","Có","4-6 tháng",""
"Chưa có trong schema","section_pro_1_sub_4","","","Có","6-8 tháng",""
"Chưa có trong schema","section_pro_1_title_5","","","Có","Da Nhạy Cảm",""
"Chưa có trong schema","section_pro_1_sub_5","","","Có","8-12 tháng",""
"Chưa có trong schema","section_pro_1_url_5","","","Có","da-nhay-cam",""
"Chưa có trong schema","section_pro_1_title_6","","","Có","Bé biết đi",""
"Chưa có trong schema","section_pro_1_sub_6","","","Có","12 tháng trở lên",""
"Chưa có trong schema","section_pro_1_url_6","","","Có","san-pham-noi-bat",""
"Chưa có trong schema","cate_7_enable","","","Có","true",""
"Chưa có trong schema","cate_7_name","","","Có","KEM DƯỠNG ",""
"Chưa có trong schema","danhmuc_1_link","","","Có","mun-trung-ca-acne",""
"Chưa có trong schema","danhmuc_2_link","","","Có","viem-da-co-dia-eczema-cham",""
"Chưa có trong schema","danhmuc_3_link","","","Có","nam-va-tan-nhang-melasma-freckles",""
"Chưa có trong schema","danhmuc_4_link","","","Có","viem-da-tiep-xuc",""
"Chưa có trong schema","cate_7_url","","","Có","top-kem-duong-noi-bat",""
"Chưa có trong schema","tien_ich_1_title","","","Có","Đặt lịch tư vấn da",""
"Chưa có trong schema","tien_ich_1_sum","","","Có","Chuyên gia da liễu của chúng tôi sẽ lắng nghe và đưa ra liệu trình chăm sóc da phù hợp nhất cho bạn",""
"Chưa có trong schema","tien_ich_1_btn","","","Có","Đặt lịch",""
"Chưa có trong schema","tien_ich_1_url","","","Có","https://zalo.me/0965594399",""
"Chưa có trong schema","tien_ich_2_title","","","Có","Tra cứu đơn hàng",""
"Chưa có trong schema","tien_ich_2_sum","","","Có","Quý khách hàng sử dụng tiện ích này để tra cứu đơn hàng khi mua tại Pharma Cosmetics",""
"Chưa có trong schema","tien_ich_2_btn","","","Có","Tra cứu",""
"Chưa có trong schema","tien_ich_2_url","","","Có","https://zalo.me/0967194063",""
"Chưa có trong schema","tien_ich_3_title","","","Có","Hỏi đáp cùng chuyên gia",""
"Chưa có trong schema","tien_ich_3_sum","","","Có","Đặt câu hỏi trực tiếp và nhận giải đáp chi tiết về thành phần sản phẩm, cách sử dụng khoa học từ đội ngũ chuyên gia",""
"Chưa có trong schema","tien_ich_3_btn","","","Có","Xem chi tiết",""
"Chưa có trong schema","tien_ich_3_url","","","Có","https://zalo.me/0965594399",""
"Chưa có trong schema","tien_ich_4_title","","","Có","Kiểm tra nguồn gốc",""
"Chưa có trong schema","tien_ich_4_sum","","","Có","Kiểm tra mã vạch, tem chống hàng giả để đảm bảo sản phẩm chính hãng, nhập khẩu chính ngạch.
",""
"Chưa có trong schema","tien_ich_4_btn","","","Có","Kiểm tra ngay",""
"Chưa có trong schema","tien_ich_4_url","","","Có","https://zalo.me/0967194063",""
"Chưa có trong schema","cate_5_enable","","","Có","true",""
"Chưa có trong schema","cate_8_enable","","","Có","true",""
"Chưa có trong schema","cate_8_name","","","Có","CHỐNG NẮNG",""
"Chưa có trong schema","cate_8_url","","","Có","top-kem-chong-nang-noi-bat",""
"Chưa có trong schema","cate_9_enable","","","Có","false",""
"Chưa có trong schema","cate_9_name","","","Có","MANDELIC ACID",""
"Chưa có trong schema","cate_9_url","","","Có","mandelic-acid",""
"Chưa có trong schema","cate_10_enable","","","Có","false",""
"Chưa có trong schema","cate_10_name","","","Có","TRANEXAMIC ACID",""
"Chưa có trong schema","cate_10_url","","","Có","tranexamic-acid",""
"Chưa có trong schema","section_pro_2_title_5","","","Có","Phục Hồi Sau Xâm Lấn",""
"Chưa có trong schema","home_solutions_1_icon","","","Có","fas fa-leaf",""
"Chưa có trong schema","home_solutions_2_icon","","","Có","fas fa-sun",""
"Chưa có trong schema","home_solutions_3_icon","","","Có","fas fa-water",""
"Chưa có trong schema","home_solutions_4_icon","","","Có","fas fa-hourglass-half",""
"Chưa có trong schema","home_solutions_5_icon","","","Có","fas fa-tint-slash",""
"Chưa có trong schema","home_solutions_6_icon","","","Có","fas fa-heart",""
"Chưa có trong schema","display_danhmuc_1","","","Có","true",""
"Chưa có trong schema","danhmuc_1_title","","","Có","Mụn Trứng Cá ",""
"Chưa có trong schema","display_danhmuc_2","","","Có","true",""
"Chưa có trong schema","danhmuc_2_title","","","Có","Viêm Da Cơ Địa ",""
"Chưa có trong schema","display_danhmuc_3","","","Có","true",""
"Chưa có trong schema","danhmuc_3_title","","","Có","Nám và Tàn Nhang ",""
"Chưa có trong schema","display_danhmuc_4","","","Có","true",""
"Chưa có trong schema","danhmuc_4_title","","","Có","Viêm Da Tiếp Xúc",""
"Chưa có trong schema","display_danhmuc_5","","","Có","true",""
"Chưa có trong schema","danhmuc_5_title","","","Có","Nấm Da ",""
"Chưa có trong schema","danhmuc_5_link","","","Có","nam-da",""
"Chưa có trong schema","display_danhmuc_6","","","Có","true",""
"Chưa có trong schema","danhmuc_6_title","","","Có","Da Khô, Thiếu Ẩm",""
"Chưa có trong schema","danhmuc_6_link","","","Có","da-kho-thieu-am",""
"Chưa có trong schema","display_danhmuc_7","","","Có","true",""
"Chưa có trong schema","danhmuc_7_title","","","Có","Viêm Da Tiết Bã",""
"Chưa có trong schema","danhmuc_7_link","","","Có","viem-da-tiet-ba",""
"Chưa có trong schema","display_danhmuc_8","","","Có","true",""
"Chưa có trong schema","danhmuc_8_title","","","Có","Lão Hóa Da ",""
"Chưa có trong schema","danhmuc_8_link","","","Có","lao-hoa-da-1",""
"Chưa có trong schema","display_danhmuc_9","","","Có","true",""
"Chưa có trong schema","danhmuc_9_title","","","Có","Viêm Nang Lông",""
"Chưa có trong schema","danhmuc_9_link","","","Có","viem-nang-long",""
"Chưa có trong schema","display_danhmuc_10","","","Có","false",""
"Chưa có trong schema","danhmuc_10_title","","","Có","Nổi Mề Đay - Mẩn Ngứa ",""
"Chưa có trong schema","danhmuc_10_link","","","Có","san-pham-noi-bat",""
"Chưa có trong schema","cate_11_name","","","Có","",""
"Chưa có trong schema","cate_11_enable","","","Có","false",""
"Chưa có trong schema","section_pro_2_url_5","","","Có","phuc-hoi-sau-xam-lan",""
"Chưa có trong schema","col_bestseller_col","","","Có","flash-sale-1",""
"Chưa có trong schema","col_bestseller_tag","","","Có","ban-chay",""
"Chưa có trong schema","col_bestseller_eyebrow","","","Có","Giảm giá sốc",""
"Chưa có trong schema","col_bestseller_title","","","Có","Khách hàng yêu thích",""
"Chưa có trong schema","col_bestseller_viewall","","","Có","Xem tất cả",""
"Chưa có trong schema","home_flashsale_enable","","","Có","true",""
"Chưa có trong schema","home_solutions_1_actives","","","Có","Salicylic Acid • B5",""
"Chưa có trong schema","home_solutions_1_desc","","","Có","Thanh lọc cổ nang lông, kiểm soát dầu thừa và giảm sưng viêm nhanh chóng.",""
"Chưa có trong schema","home_solutions_1_link","","","Có","/tri-mun",""
"Chưa có trong schema","home_solutions_2_actives","","","Có","Tranexamic • Vitamin C",""
"Chưa có trong schema","home_solutions_2_desc","","","Có","Ức chế enzyme Tyrosinase, làm mờ đốm nâu và phục hồi độ sáng đều màu.",""
"Chưa có trong schema","home_solutions_2_link","","","Có","/tri-nam",""
"Chưa có trong schema","home_solutions_3_actives","","","Có","Ceramide • Panthenol B5",""
"Chưa có trong schema","home_solutions_3_desc","","","Có","Tái thiết lập màng lipid sinh học, cấp ẩm đa tầng và giảm đỏ rát tức thì.",""
"Chưa có trong schema","home_solutions_3_link","","","Có","/duong-am",""
"Chưa có trong schema","home_solutions_4_actives","","","Có","Retinol • Matrixyl Peptide",""
"Chưa có trong schema","home_solutions_4_desc","","","Có","Thúc đẩy tái tạo tế bào, kích sinh collagen và cải thiện độ săn chắc đàn hồi.",""
"Chưa có trong schema","home_solutions_4_link","","","Có","/chong-lao-hoa",""
"Chưa có trong schema","home_solutions_5_actives","","","Có","Niacinamide 10% • Zinc",""
"Chưa có trong schema","home_solutions_5_desc","","","Có","Se khít thành nang lông, thanh tẩy da chết vi mô cho bề mặt láng mịn.",""
"Chưa có trong schema","home_solutions_5_link","","","Có","/lam-sang",""
"Chưa có trong schema","home_solutions_6_actives","","","Có","Centella • Nước khoáng",""
"Chưa có trong schema","home_solutions_6_desc","","","Có","Công thức tối giản kiểm nghiệm da liễu, bảo vệ an toàn cho nền da tổn thương.",""
"Chưa có trong schema","home_solutions_6_link","","","Có","/dieu-tri-chuyen-nghiep",""
